1.387140546371557814e+00,1.046709952850090053e+00
8.222981274729145307e-01,4.838203738215854366e-01
-5.935386720163444291e-02,8.056716581759282292e-01
1.229553638341830624e+00,8.317691926953992843e-01
-6.451282810473512042e-01,-1.384839877073944236e-01
-6.504204700758633995e-02,-3.222669983324250587e-01
2.532469960929908392e+00,3.034048321673900594e-01
4.859250887951489517e-01,-2.241760139173363531e-01
3.546059142465607383e-01,2.272693737762553123e+00
-1.777730052140965800e+00,-1.565014410583563498e+00
-1.605302880017903222e+00,-1.399241903345912252e+00
-4.316120527607242852e-01,1.397035114737394279e+00
1.804282926801211495e+00,5.009067718835064076e-01
7.605364393473895701e-01,-3.831171397583626348e+00
7.183865618543228138e-01,8.832227478004571475e-02
-1.214235844339216497e+00,6.104090653725646742e-01
-5.849882158113227648e-01,-5.573467134033045500e-01
2.336318853305380250e-01,-1.295745997868709143e+00
7.220055276679995249e-01,1.276222658816833500e+00
4.285224154791054674e-01,-3.158397522764758159e-01
5.684668066250736507e-01,1.790396190196203996e+00
-1.203227659918240322e+00,-1.401700332930288173e+00
-5.807487269619567849e-01,-1.771560997970905049e+00
-1.436570431609042631e+00,4.305547830588080660e-01
-8.284560457327465599e-01,5.136015294661472330e-01
-3.711609010723775082e-02,1.419996791731489516e+00
-1.310015792042915406e+00,-3.199528927864812577e-01
4.817523249454239154e-01,1.880894602832015261e+00
-1.108773631591661424e+00,9.894951762624210057e-01
-8.481828379778756366e-01,4.518596902341721067e-01
-2.015635890166328714e+00,3.867990860228585071e-01
2.239458206280611485e-01,-3.854439054235182516e-01
-1.525411608175025968e+00,1.551686343010933333e+00
3.775428390240913035e-01,1.283806869881126689e+00
-7.434133643389559953e-01,-8.962657758249767959e-01
1.832608894708264158e+00,9.439215225574021373e-01
7.662946484018470783e-02,1.779372435169251254e+00
2.516344344955184553e+00,-5.444989298018764190e-01
-1.074257783661845211e+00,2.217146358039018050e+00
-1.451811321248903663e+00,1.947017897208977333e+00
7.662946484018470783e-02,1.779372435169251254e+00
-5.967503033451054817e-01,1.472666887606551400e+00
-7.370288068490167266e-01,2.045899782493245667e+00
7.331979921462141725e-01,-7.005371214155261539e-01
-5.001991465084831834e-01,-8.456758589010168192e-01
-1.089939825571251131e+00,1.566873268329339597e+00
1.643187801757335142e+00,8.387594038412368169e-01
-1.286086063736247564e-01,1.932560137494403030e+00
-1.818684780108569932e+00,-1.335026166403319836e+00
2.687480216459526616e+00,1.518207193083377149e+00
-1.553528750780353684e+00,-4.079249398076854938e+00
-1.681512138961283709e+00,-1.478910205441046788e+00
-4.733383687247684213e-01,2.096891371422456296e-01
-6.215724234591805952e-02,-1.447486076351248041e+00
9.139975549922356723e-01,-1.766159714692992821e+00
-2.649463732922192616e-01,1.160822774204573804e+00
-1.419211976491284943e+00,-6.745067573205141276e-01
1.034933069589498045e+00,1.198056858558572024e+00
-1.196191107989837743e+00,3.035801538182867354e-01
2.334941211058379554e-02,-2.686997681428032747e-01
1.141255981949298136e-02,-1.322946746547021712e+00
-3.280524474663931711e-01,9.215607886265581028e-01
-2.049842016919294352e-01,1.030666150407629100e+00
-1.765423153082091412e+00,-1.495166692102497308e+00
-1.120985435672444686e+00,7.883054754696846578e-01
3.950212108533884825e-01,4.134914450221707782e-01
-6.665722873680697269e-01,-2.789000986442625729e-01
-1.151054526678418233e+00,-2.888406317148025093e-01
-1.057148889787492330e+00,1.370239099988867171e+00
7.846855806422799173e-02,-2.042089194700552335e-01
1.801167422526367690e-01,1.325847136545916349e+00
-1.402331422268438432e+00,-1.996453958084500879e+00
-4.595841631649667525e-01,-3.197783734665984312e-01
-1.114125929702274087e+00,-8.991061922793643912e-01
-1.145837372073408300e-01,1.448637599822846012e+00
-1.417000492257366240e+00,1.958152954370450560e+00
-1.092469295922773753e+00,-2.164710965099963857e+00
1.391128419515438752e+00,2.833522779435868055e-01
4.239251354394515392e-01,1.097735168719177201e+00
-5.625747810976955421e-01,-2.582853690809122860e+00
-1.507634283883264148e+00,-5.975397329469037677e-01
-2.891280206779156536e-01,-7.941130355320026313e-01
-2.411831744420295243e-01,-9.020037181438778084e-01
-1.462384302896487798e+00,-3.705161473062649202e-01
1.271796640847253412e+00,8.904900655006708909e-01
2.760377671615684148e-01,1.543669917301456751e+00
-1.542359920433990617e+00,-7.054708322994062142e-01
6.551921299725581571e-01,2.304779090773154959e-01
-1.012520461628889201e+00,-3.468211312413946312e-01
-1.024742587670538718e+00,-2.318104729902285221e+00
5.040023504040145319e-01,3.307692596354330217e-01
-1.467972917428616686e+00,5.356441426127919181e-01
-5.348287521974774972e-01,-1.451609758434714736e+00
-5.594742204943874420e-01,-1.039419670281395813e+00
-2.240527319803571782e+00,-1.100855240543370694e+00
-6.812763312131805415e-01,2.907815911900264005e+00
-3.206333573186235797e-01,3.769260901787902518e-01
8.459145749728991248e-02,9.760104476626320080e-01
5.003344215688755314e-01,-8.146763930923189845e-01
3.097744926030260859e-01,-2.716059646576179376e-01
-1.206327713094612175e+00,1.342449591071471993e+00
-9.350425220598880260e-01,1.534460796792400883e+00
5.078162389540297195e-01,-1.048741327871997919e+00
2.419397046398372719e+00,-1.554323044664720210e-01
-3.762380270141614802e-01,-3.711180938402681484e+00
-2.222625295481862884e-01,-6.950059615730310239e-03
-7.061881808568423180e-01,-5.785676743652768961e-01
6.775278059970432643e-02,-2.077010106790315724e+00
-4.435435098956894140e-01,3.400660874266665523e-01
-1.427199835746253864e+00,-3.031700550106366729e-02
5.960611061534814015e-01,-1.471906830159560142e+00
-3.554390986262395691e-01,-8.119862497067175111e-01
-3.355413682475700266e-01,1.764494123401770143e+00
-5.379544344825695212e-01,-2.804275543611119748e+00
1.785477597029556662e-01,-1.583794672890854072e+00
-6.343930304988939506e-01,-6.713283924122118718e-01
1.114449072121440398e+00,-1.006099282408998263e+00
8.909824640498076320e+00,-5.430704971157238603e-01
1.732459479841534644e-02,-1.035162978111004550e+00
7.003273363638913285e-01,-4.589911897925123441e+00
-1.611650505271769784e+00,-6.495040484264998915e-01
-1.600256374275142335e+00,4.437976131197842733e-01
-1.048799192184791673e+00,-1.238018054693170500e+00
-9.703715027578498908e-01,1.145236193153187809e+00
7.259449174273154837e-01,3.405089244126172643e-01
-9.527812647982266681e-01,-1.849422098521289914e+00
-5.821215619223422122e-01,-1.637756068987388458e+00
1.441317891122465278e-01,-6.457827248008317644e-01
-8.804196592239124097e-01,1.129147880366126566e+00
-5.446861913498363128e-01,1.498265591959921705e+00
6.546138449160472383e-01,4.111693694834454016e-01
-1.806207490069886845e-01,-2.043656775409841142e+00
-4.306148765134902301e-01,8.639056786244490027e-01
-7.194554380241595659e-01,-7.107520126363794377e-01
-4.079504492438472130e-01,1.618182113861248717e-01
7.967608131712919928e+00,-1.490446647051930418e+00
2.334941211058379554e-02,-2.686997681428032747e-01
-1.736082160443479960e+00,9.037272189467636663e-01
-7.063612196259844156e-01,-6.625058154171865610e-01
2.819569682599655791e-01,4.710458738486625330e-01
-3.111416365649836702e-01,-9.130800534473664243e-01
-2.057349210122232375e+00,-7.152572519775739490e-01
5.394823465724255529e-01,1.112613817838216557e+00
-1.501657720893005699e-01,-8.281142651714130942e-02
-1.941510948156928151e+00,-5.813019487034725152e-01
-8.154683921214513909e-01,-1.247385252933289834e+00
-1.927212081720487857e+00,-1.764270744008695546e+00
-1.299795009993580885e+00,6.841205939687212689e-01
-1.617852013980828119e+00,7.455413328154923969e-01
-4.269568266446573945e-01,-2.062372435537985105e+00
1.454570418200025861e+00,1.570493045521372588e+00
4.707922033200295231e-01,3.089931451664040263e-01
-2.384747503570553984e-01,-7.652896648450825401e-01
-1.107292573450730178e+00,-1.072885916210542412e+00
5.270171039283665371e-01,2.744297313022987961e+00
3.990781774127072769e-04,6.564505646160091468e-01
-5.640293357806134278e-01,-1.055529699223436424e+00
3.884244157285540733e-01,6.094561390008214063e-01
1.137417967798927343e+00,-5.146462556491399054e-01
-1.062303384361943381e+00,6.890664476673353800e-01
-1.062303384361943381e+00,6.890664476673353800e-01
-3.881223958986912970e-01,1.858296081419196444e+00
-8.257407563790605254e-01,1.143919442389234931e+00
-1.746304197524453983e+00,1.526318411017472121e+00
5.541133075152934184e-01,1.374436313716360658e-01
-1.049612855151014074e-01,-1.216106601548313293e+00
-2.230758093504265460e+00,-1.004972908110099983e+00
1.930215186444342867e+00,1.262723853472752733e+00
-2.166532749826071136e+00,-1.385660885439549128e+00
-1.072894877806454650e+00,-5.149811574389642210e-01
-2.029669273688671643e-02,1.007885229850286501e+00
-2.310814527060301923e-02,4.314142435984345547e-01
-6.626552649071610901e-01,1.110531596270607491e+00
-9.032455574036959423e-01,-8.362957142719201764e-01
-1.363313514096824997e-01,2.210719054026378139e+00
1.620882943556615885e+00,2.476673580843125944e+00
1.871320796777082185e+00,1.205570176514270342e+00
1.180029954235700007e+00,2.819326773066320957e+00
3.969016542585569463e-01,2.175171078221684429e+00
-3.338586699106164679e-01,2.596905414595046757e+00
1.142017223170590512e+00,1.747572501951166979e+00
1.657363047038993564e-01,1.981149811091579949e+00
-4.184007406074579660e-01,1.737427654863529458e+00
7.872800195565820003e-01,2.149349037069575363e+00
-1.266054980693102905e-01,1.792179534430215160e+00
4.820961856259362577e+00,2.479811425935400493e+00
5.823247792395239153e-02,-1.797751277527083635e+00
1.212497658188378402e+00,-3.648079824178859232e-01
-1.880167952947844334e+00,-2.091124356909014992e+00
4.712330816253277876e-01,1.548442148322943211e-02
2.648185905554668373e+00,7.504932064452147777e-01
-8.452454624222891510e-01,-1.147611777402349098e+00
-3.504421823797264079e-01,-1.511175655304272669e-01
-1.014634512903879182e+00,4.205734911015267530e-01
6.685223078116752093e-01,1.789397301150587871e-01
-1.942737092845547631e+00,-1.585446842452632898e+00
-6.866875610201677096e-03,-5.166551379911706876e-01
6.617641352253138265e-02,1.904451821033377457e-01
-1.212525578238230040e+00,-2.577700293804545129e-01
-1.320853593845888074e+00,1.746708984502132855e+00
-1.236060895769742318e+00,-6.237514377449039360e-01
6.269053919063757307e-01,-4.953424007408712804e+00
2.550393148166774981e+00,-1.702065297570466651e+00
-1.800294694287590591e+00,-2.952392671726563056e-01
-1.776755563295810969e-01,-6.421794304726936575e-01
-1.370348595577622064e-01,-1.198141444836757996e+00
3.116858486105326120e-01,-1.571904941685146717e+00
2.616661645216866380e-02,-4.705146028952559845e-01
6.208008142279313191e+00,4.314692213739828031e-01
-1.257126766158810138e+00,1.506526202500973466e-01
-9.570108508029857575e-01,1.424300800059446814e+00
2.190905802980003259e-01,1.322192020521300027e+00
-9.510660694920574088e-01,-1.174337715850436892e+00
-9.337539098544456184e-01,-1.965823219363025121e-01
8.100590054666921835e-01,7.353765217089398565e-01
-1.716672901116542249e+00,-1.809948377877650394e-01
-7.309703791048512977e-01,-1.528082842951774101e+00
3.425082111951491259e-01,2.260236394817278782e+00
5.544897595126869749e-01,2.949618863664087431e+00
-3.307468722222665081e-01,-3.967693979798859738e-01
-1.446305975179156711e+00,1.483942422390871929e+00
-1.608899908827388536e+00,-2.351563819325142912e+00
-1.360818806923879576e+00,1.788727691670398912e+00
-2.846704890495055373e-01,-1.137867597240114659e+00
-1.035255864893436017e+00,-2.647444038088033746e+00
-2.867647163891969275e-01,1.051628584889566564e+00
-7.420883171803971390e-01,1.534096147526765375e+00
-1.892801621575816995e+00,-1.229703890008216005e+00
3.901632464040160064e-01,-1.048247278294252904e+00
-1.977438908307442178e+00,-1.352049002501508834e+00
-8.315226566494845484e-01,1.817155686283745686e+00
-3.683119633731031795e-01,-5.147943812331012836e-01
-7.876442501087150827e-01,-2.023323445746787019e+00
-8.315226566494845484e-01,1.817155686283745686e+00
7.551358064110896828e-01,4.202536408948386870e-01
-1.582150755516690821e-01,6.825582259582925193e-01
-8.464716583974348785e-01,4.586416084965898587e-01
-1.098306773996631680e+00,-1.599707537391679590e+00
5.541793996051035120e-02,4.701303134186281540e-01
-7.753034947784622766e-01,1.732679842151288119e+00
-4.233991070994609363e-01,-8.605482338946731646e-01
7.283203562895720351e-01,1.230860580434700868e-01
-1.263802483901368623e+00,-2.083977568897830146e+00
2.107600740213694479e+00,4.563580219819630135e-01
7.013073029278382720e-01,7.591006249971448128e-01
-2.284259864602294632e-01,5.701598926541751045e-01
-8.485014305726789052e-01,-1.524432331105186611e+00
5.972174748605959538e-01,-9.395239716477472580e-01
-3.632698733772437572e-01,-2.123203577961376709e+00
8.139334174865554550e-01,5.377058138440056201e-01
-8.340544341955109520e-01,1.783211456333633871e+00
7.379921226156508363e-01,1.382271158421906732e+00
1.088605898380792525e-01,-1.593863615680582990e+00
-8.544262028218085891e-01,-1.636074705064577639e+00
-1.466019988835610022e+00,1.729611938662877879e+00
-1.212856154623799809e-01,-3.146823947467907168e+00
-6.809473649809575369e-01,1.194426129593771257e+00
-7.512243428339663298e-01,2.873939898218022204e+00
-1.602595246263121886e+00,7.070166484291241504e-01
4.271116219326179797e-01,3.026819353930312873e-01
4.271116219326179797e-01,3.026819353930312873e-01
9.416142259813129467e-01,-2.156109458740592955e-01
4.271116219326179797e-01,3.026819353930312873e-01
-7.889380052804577659e-01,1.589297899654513513e+00
6.807530854921387542e-01,-1.013628341426488166e+00
-1.676925960831328888e-01,-3.025602137959516602e-01
7.689433850894890343e-02,-8.009583816593215944e-02
-1.255185969285720793e+00,-1.001945762862171962e+00
1.218582933489518183e+00,7.611420592010852415e-01
-7.120626302339843061e-01,1.092383107348304794e-01
-1.023493626579867977e+00,-1.165434101777481413e+00
-7.069128127396232530e-01,-1.584321701012638917e+00
-3.894753388838886332e-01,-2.000658700074799512e+00
-7.257776452793486266e-01,9.922155394665302941e-01
3.654898689424412178e-02,2.175772722701920237e-01
-9.990274896331843291e-01,1.242389515131560263e+00
4.797097742490801231e-01,8.466415727006951775e-01
-1.747463246474024068e+00,-3.104904372809639490e+00
1.786915143519077556e-02,6.634409418528772195e-02
9.577026242901743869e-01,1.023691396161328093e+00
-1.704867278366528904e-01,6.823112672580547988e-01
6.397496355300614779e-01,1.127229191664020247e+00
-5.652166667204693018e-02,1.293312630531908924e+00
-5.126463905641712865e-02,9.040463932031720384e-01
-9.202101459949212359e-01,-1.527604822045170119e+00
-1.696073303620342587e+00,-8.527894934380585434e-01
-1.536211112958229819e-01,4.897322921155202735e-01
-1.278466987849409708e+00,-1.889293368116905292e+00
2.096502656415840438e+00,-1.070610340277175609e+00
-1.951735350647846756e+00,1.790967406308917320e-01
-2.167726355180309428e-01,-3.144402855587241641e-01
2.258919485112160341e+00,1.190715689928174781e+00
1.806260002767781092e-01,-1.581805635408846555e+00
2.218832529710478008e-01,1.127496255888242427e+00
-4.805377213382252544e-01,-1.872359119543363981e+00
-8.222378777852348275e-01,-2.922235228465032364e+00
-2.332862247481873874e-01,2.708319505846853437e-01
2.138359625115834550e+00,-1.407409277719456009e+00
1.319516296951931178e+00,-4.513004629942216073e-01
-1.132022826407770744e+00,9.537401660483659782e-01
1.795480457227310200e+00,9.543700194498710987e-01
-3.763989483729607288e-01,-2.315092509257543618e+00
-1.481765900786857326e+00,-1.110111932908026455e+00
-1.475574444049710277e+00,-1.591310811344446297e+00
8.567919324985579621e+00,-9.290597027240734551e-01
2.738804264958828671e+00,8.066034761531364339e-01
-6.007324935979919678e-01,1.163339597412311188e-01
-6.007324935979919678e-01,1.163339597412311188e-01
9.815106438138871958e-01,4.701448495909129610e-01
3.295944053406376084e-01,-1.807425385015447583e+00
-6.203579003879545750e-01,-4.767009839427324147e-01
8.244112635978305903e+00,-1.292188581323271412e+00
-3.482538208524393331e-01,2.748661696128019472e+00
-8.354900012790371644e-01,-1.858661310326688243e+00
-1.900235930044053889e+00,1.435813978318294624e-02
-1.077240306033761641e+00,-4.909562180367847417e-01
-1.310015792042915406e+00,-3.199528927864812577e-01
-5.359327531685907919e-01,-1.542109011203245617e+00
-1.588682970096258806e+00,-1.452391746664130068e+00
-5.772444865405021996e-01,-1.274445749158368502e+00
-8.235333537707858476e-01,-3.985955271399283184e+00
7.562597620067409432e-01,1.003949978213745098e+00
4.616504373720189403e-01,1.248560928960660732e+00
-2.279279536474285273e+00,-9.249196295359028985e-01
-5.910267021318439395e-01,-1.712629470313961955e+00
-9.445504273499563119e-01,1.681649361232112172e+00
-1.764089884337143588e-01,5.480224463166167848e-01
-1.155400646563516709e+00,-1.373156270879487550e+00
-1.615043878136828370e+00,2.920298465537405797e+00
-1.941510948156928151e+00,-5.813019487034725152e-01
-1.395575687496257045e+00,-1.954566589595793991e+00
2.632677987261392571e-01,1.065980650778063366e+00
8.841977469127986211e+00,-7.535840384223254640e-01
1.580328202542914617e+00,1.204825932747720429e+00
5.185029393166440403e-01,1.182185605855061272e+00
-1.689108770527221859e+00,-1.484007256983026712e+00
-1.156830120034867182e+00,-6.434305202588884720e-01
-1.063047870603789802e+00,-7.952846900182989343e-01
-4.471779100431399478e-01,2.513275800614317657e+00
-2.055813138348762947e-01,9.457651100837281000e-01
7.938243886115099457e+00,-1.519911980301488663e+00
-6.201248513565111864e-01,9.660621663938069315e-01
-1.958432876876794682e+00,-1.762977078872733028e+00
8.168049986006444829e-01,1.380384558202032874e+00
-6.338431474070658211e-01,-3.267632954471085593e+00
1.014142640435867770e+00,-1.905132516709608925e-01
-6.043689318621695561e-01,1.604755873829118995e+00
-9.004262877580541113e-01,3.808342317614046846e-01
4.001818897091165561e-01,1.529368384332450370e+00
-1.071558668264339875e+00,5.479453199840232935e-01
-3.909955215875663970e-01,1.485857484472362211e+00
-3.805501120788741809e-01,7.707716572018979972e-01
-2.260179729426486095e-01,1.749142945413990846e+00
-6.047093981963577169e-01,-3.095625280134131976e-02
-1.947311060799681970e+00,-4.575757450767659051e-01
-2.813617469741747645e-01,8.182057600026444444e-01
5.561868681422627025e-01,1.319300320924186032e+00
-1.312471264840647356e+00,1.012106100975982637e+00
7.117390404374200230e+00,-1.222854867815801327e+00
-4.899329507150350649e-01,1.567557365547109116e+00
-7.202078206494938462e-01,2.366054510933824684e+00
1.144169845338298908e+00,5.969038859015433074e-01
-4.700674061521049052e-01,-8.530841238989256281e-01
-1.565926702786870406e+00,-9.912405068604777103e-01
-1.042252850284366650e+00,1.376194775120226588e+00
-2.333677240796498076e+00,-6.746427519715958443e-01
3.736339685249022713e-01,2.336953721831124930e+00
-7.652454462932655188e-01,7.809170927985465971e-01
9.467249942983473054e-02,2.999963780873347030e-01
-1.216462902870894675e-01,3.203898721687735041e+00
-1.119257321894840507e+00,2.571402230384738363e-01
1.170366418158949040e+00,1.427548541234038848e-01
1.480970918762225974e+00,-1.805951513447236201e-02
9.496530867980769841e+00,-9.614477474834184356e-01
6.264687765915758488e-01,1.113757697809146796e+00
-1.366517551278936482e+00,-1.131403458262994377e+00
1.868194528895239070e+00,8.122428112503605746e-01
-1.612870864551817274e+00,6.738594104102412219e-01
1.794424568162390488e+00,6.530646664101019683e-01
-7.072684238142017410e-01,-1.064241103540114697e+00
-9.360311282042833581e-01,7.143165371181942058e-02
-2.902630939450854264e+00,-2.855261922661353827e-02
-2.984575059703489242e-01,-2.058279208899487234e+00
-5.105339284748751094e-01,-8.121289677667610230e-01
-1.006715381574364354e+00,3.840181305802620737e-01
6.160259151329480765e-02,-1.799165749892316590e+00
8.422301492772065856e+00,-6.789108124682314838e-01
1.792123021853300857e+00,-1.327345635818356850e+00
1.767682947571280971e+00,-7.488063574300338754e-01
3.546405765600598947e+00,1.803657468555040430e-02
4.593167969782264159e-01,-7.931142865808101794e-01
-1.360077146604408815e+00,-9.441857028682657527e-01
-1.759156963983911304e+00,-1.671722528539382413e+00
-1.442827995868451119e+00,-4.606808910014994485e-01
2.374801032555340807e+00,1.623726267832138248e+00
1.490933877467712110e+00,1.779902730234970365e+00
1.490933877467712110e+00,1.779902730234970365e+00
2.345224070000252237e+00,9.350467661575629919e-01
-9.350496693783121316e-01,1.563873783091025427e+00
2.294534651160971550e-01,-3.622576435227943814e-01
1.917471516986088309e+00,-6.497289062746708366e-01
-1.996499442309152272e-01,1.415551986089905068e+00
1.505571628850536303e+00,-1.412580609845978330e+00
2.040992260936912717e-01,5.281074577112004675e+00
-5.430879620110609096e-01,1.782967306057091861e+00
-4.224045229436166338e-01,-5.911545109978294521e-01
-6.342651262523549271e-02,-5.945187550525812270e-01
-1.355789465289712226e+00,-1.085931096565039694e-01
-1.540679914014036145e+00,-1.992687984893616537e+00
-7.729987848256451022e-01,-7.656968910040905518e-01
5.345771588116825512e-01,1.667397194297150387e+00
-1.336184547835552516e+00,-1.671487186113267853e+00
-1.428152459100628269e+00,-2.110096326693069901e+00
-9.540413460382186628e-01,5.358168138323521346e-01
-5.719425694264803628e-01,-1.662345782517138826e+00
-1.033095087845077087e+00,1.632933076729928379e+00
-1.122404173257171900e+00,-1.221545469797345795e+00
-7.878110274460061735e-01,1.164778103619527716e+00
2.460818394296560019e-01,-1.105531958019370764e+00
1.129053768287967552e+00,-1.977395703522336845e+00
9.624113564698646428e+00,-1.590048684444379523e+00
-1.524890463242482674e+00,1.324651444154470115e+00
2.332990936304705359e-02,2.115112578667734500e+00
-1.236609288521254291e-01,9.103522373492883846e-01
-8.418609614339505054e-01,-2.978943363822657564e-01
-1.929955929709470608e+00,1.939700914921806407e-01
-7.431993707374422442e-01,1.263266007068764907e+00
4.615981099461309856e-01,7.516552203506723373e-01
-8.458440141277214774e-01,1.457011209037603727e+00
6.758012713959180573e-01,-1.673513010428013592e+00
6.980118824484862206e-01,1.415403268698689265e+00
-1.424634130273473742e+00,-7.121588235585599724e-01
1.868651793985868892e+00,-4.485563010262527683e-02
-1.487011876331822746e+00,-8.344171887506376395e-01
-7.091040628629238229e-01,-5.246662522749984126e-01
7.720478755783835467e+00,-1.148254700306702736e+00
-6.491386693829516163e-01,-4.340658594222558397e-01
3.112226142061133918e-02,-7.994785005365271369e-01
-4.116645119033545130e-01,8.472577334197690657e-01
-2.357197249654887639e+00,-3.769129391931454465e-01
-8.508680397377319654e-03,1.027238388362878840e+00
1.439351969837731282e+00,1.281286239273058403e+00
1.268063977409387810e+00,4.522103315147635305e-01
-6.647159752625815543e-02,5.842914682222904998e-01
-3.301912008607890137e-01,2.574843729823722782e+00
-1.125801826878411127e+00,-1.986471107949639436e-01
-5.295256433266507523e-01,-2.600094638209497419e-02
7.309924774475902443e-02,-9.669867748539656693e-02
6.186843029377233627e+00,-2.017275433438078025e+00
2.618421420295756821e-02,-1.030881371581170852e-01
4.258627587698030625e-01,1.167743174412832152e+00
-1.221394808858654452e-01,-8.455562811396238887e-01
6.104547066142409051e+00,-3.042346626060715931e+00
-6.977559244430519003e-01,-1.220873681263098032e+00
-2.168516910482010118e+00,-6.301915984210950672e-01
8.567805702540036705e+00,-9.818449788547620738e-01
-3.777258177489020707e-01,3.526559318107008734e-01
9.801043375926213885e-01,1.995737746427775239e+00
-3.966267069266088408e-01,7.583397139696436140e-01
1.230210286632068772e+00,5.781456224707637315e-01
2.795197633251456537e+00,1.757837492363897303e+00
1.239807096743534176e+00,5.088033443699581104e-01
-3.957872148331968987e-01,5.300251421722861345e-01
3.062104568757385153e-02,-5.460384223705352230e-02
-1.150437424705589518e+00,-1.977476453015042934e-01
-7.572759226834891999e-01,1.197217014917682176e+00
-8.875116481660111356e-01,1.406807940893244568e+00
-8.875116481660111356e-01,1.406807940893244568e+00
2.145313127613188264e+00,5.919888372577255531e-01
5.291262653502151192e-01,2.584704818384548464e+00
9.259864761578723291e-01,2.095854788601471341e+00
5.291262653502151192e-01,2.584704818384548464e+00
-1.176259979284107082e+00,1.364445439332954590e+00
-1.914555939593011180e+00,-1.631125205842494541e+00
4.386346506066469142e-01,2.212828537350985059e+00
-1.119080302314893860e+00,-1.055759170799101421e+00
1.149999985635003608e+00,-4.121818222938394283e-01
2.313766620594980283e-01,-4.099842835807281927e-01
-4.099220584692012670e-01,6.452954468882275973e-01
-6.635713900698276824e-01,-3.540636155623651526e-01
-8.976296485624153387e-01,2.350607969854947132e+00
-1.108864086456047726e+00,-1.448321584612058954e+00
2.613545035214567269e-01,-1.203080448290935855e+00
-1.895119314791534060e-01,1.946266049911434259e-01
4.224509395289051117e-01,-3.908310616150324074e-02
-8.395102039105699632e-01,-5.238060023877839227e-02
-1.761857175194896596e+00,-4.053872660533668348e-01
-1.307991298946920289e-01,1.517423607916433825e+00
-9.705065893129060095e-01,4.952521172972029206e-01
3.850618488843729481e-01,-2.837157087667038224e-01
1.070479907743811659e-01,-2.675162553164948775e+00
-7.420732818579379719e-01,1.535352630095875304e+00
-3.450451408419052401e-01,1.212617003654983483e+00
7.908960654439084470e-02,9.096881738537847539e-01
9.458087376385027056e-01,1.022705892764482538e+00
7.576979091234342434e+00,-2.003012221531387915e+00
-4.764606244576357619e-01,-4.408638107521686278e-01
-8.515705545662863307e-02,-1.013908456086876075e+00
2.571292663704911607e-01,1.041882959584631063e+00
1.963568495006685399e+00,7.725017967265285224e-02
-7.277769561174546320e-01,-6.797917558405033311e-01
-8.444358936452220354e-02,-2.460882911519695626e-01
1.000103832976757118e-02,-1.478170195484530103e+00
3.948087091758016309e-01,4.627019616424995485e-01
6.479971146122458059e+00,-2.565478743767082737e+00
1.022112587405756612e+00,6.530007429080985082e-01
-2.351098313712492172e-01,-1.076469127870687714e+00
3.351583041784979011e-01,8.050248676045952401e-01
3.007713822795961889e+00,-8.972406085370338014e-01
3.007713822795961889e+00,-8.972406085370338014e-01
-1.047119057092001482e+00,7.512148626880534863e-01
-8.558222789237364125e-01,-1.051217236141004596e+00
-2.756067806280017574e-01,-7.471000691744687783e-02
-1.266459953531727356e+00,-5.239145399009373927e-01
-7.342489064351771511e-01,-1.085641964410880345e+00
-1.705060167344937261e-01,3.861596005189867342e-01
-2.571399570624652853e-01,-5.213584165045700436e-01
8.864453642400579980e+00,-1.827764613022288209e+00
-1.048908361081752227e+00,-6.062248370935161557e-01
-5.407732091230073312e-02,1.534619610850303850e+00
-5.903088205457814874e-01,4.644739953816434119e-01
-9.801969397875326395e-01,-1.033621177517455081e+00
1.781320395142899304e+00,4.520114720892752791e-01
1.985979351608030408e-01,1.285799614248941403e+00
-9.178265149545244972e-02,5.735405680334088041e-01
-1.076477995911507390e+00,1.033167146152428995e+00
-3.896158390018181206e-01,7.164624833144258576e-01
-3.896158390018181206e-01,7.164624833144258576e-01
-8.485740991369455921e-02,1.637118148283006391e+00
5.437654656820936072e-01,1.197091603765797346e-01
-8.485740991369455921e-02,1.637118148283006391e+00
5.437654656820936072e-01,1.197091603765797346e-01
5.437654656820936072e-01,1.197091603765797346e-01
5.437654656820936072e-01,1.197091603765797346e-01
5.437654656820936072e-01,1.197091603765797346e-01
-2.030648307510942274e+00,2.821249606808464705e-01
-7.997770806372971331e-01,8.958218125382835240e-01
4.890547353836870448e-01,1.981109400210526728e+00
5.884206638282777346e-01,1.222597392645318637e+00
-4.956326415338817570e-01,-2.872926427038065889e+00
9.039984616070253498e-01,7.364066199420356007e-01
2.029380240235804767e+00,-8.876750051904459121e-03
2.226750274770060489e+00,-6.722414128341700490e-01
9.050961233282109220e+00,-1.279957093813862912e+00
-2.808397706465260990e-01,-7.914170378121980765e-01
-8.694509056009319670e-01,2.356920454876866078e+00
-1.482780212492119665e-01,-1.528193166669092440e+00
-6.990144799798935216e-01,1.230962359485488156e+00
-8.780047319579625809e-01,9.387521241868876931e-01
-7.596000526064246028e-01,-3.429064768340457925e-01
1.768331535870218296e+00,5.875587389841470110e-01
-1.359334069185564653e+00,1.416462489722356999e+00
8.467652374651097880e-01,2.289321635470511762e-01
-9.529500043795171571e-01,-7.330333913724762507e-01
-7.644532016665563923e-01,-2.520061705350978287e-01
4.259231979844980698e-01,1.450346227344350369e+00
8.255350089932763424e+00,-2.517055520770848709e+00
7.320870041870595202e+00,-1.078351418587306432e+00
-7.063612196259844156e-01,-6.625058154171865610e-01
-1.444651485804182123e+00,-8.696502984249145918e-01
-1.004117186123300476e+00,2.366441805966276402e+00
-1.049379295363337183e+00,1.938272617511817231e+00
9.011607588743703046e-01,1.246302374221784470e+00
1.085058825986835895e+00,8.637435419835297334e-02
-5.092338264177360269e-02,-2.271447445487022154e+00
-1.595051045248522925e+00,2.838758519249513501e-01
-1.133625539663813298e+00,-9.757220581761790745e-01
-2.621670680906516560e-01,6.404498928971764926e-02
-6.510924169469589629e-01,-6.440962165265885497e-01
-1.483817216224927904e+00,-5.918990757553527216e-01
-1.179318792095118473e+00,3.016450079196532075e-01
-6.098110746791626235e-01,-1.552206078758129548e+00
1.872708397729094143e+00,9.069533650532640712e-01
3.576260964707576040e+00,-1.495024597079446904e+00
1.908160376621978793e+00,1.235234884965212165e+00
1.222917212672833959e-01,1.645013984744057245e+00
-1.328597696387223914e+00,1.895384150033576409e+00
9.007346667351104896e-01,4.757929636386359462e+00
-1.942727742228151921e+00,-1.585447341829479218e+00
-3.967312081723934347e-01,-4.714386966662643674e-01
-9.861693044222273885e-01,-4.572408786538013636e-01
3.530625490478765949e-01,2.313967613886755537e+00
8.483247990007228290e-02,2.823855224630073657e+00
3.530625490478765949e-01,2.313967613886755537e+00
8.483247990007228290e-02,2.823855224630073657e+00
-2.221330623994495768e-01,1.808481851188511458e-01
-9.746563881510512950e-02,-1.030924127880798874e-01
-6.651589399508991418e-01,1.256332249169919368e+00
1.916842912833446766e+00,1.451275294005943906e+00
8.029520408880886251e+00,-2.021752037036711247e+00
-7.754276371604744700e-01,4.087367542181105096e-01
8.321421002258404531e-01,9.675653958192438342e-01
8.055742339480298497e+00,-1.115210954067031413e+00
1.708644601473380265e+00,-1.426022960129179340e-01
-4.572422515381085462e-01,1.224841496936143415e+00
-1.980532927745129346e+00,-5.956271345222398095e-01
4.932515275433210777e-01,1.678795032781037477e-01
-1.596419719557920225e-01,4.875941386974594338e-01
-1.209421439682589472e-01,-5.786033663376213276e-01
-4.243148486288796928e-01,1.729190576338095919e+00
2.177552037181388567e+00,1.234435572793135982e+00
-2.652118085833469419e+00,-2.486873145411095387e-01
-6.910879440129642781e-02,-8.896523992015162863e-01
-1.282438923096083372e-01,-2.404341162249107988e+00
1.878701894217330304e-01,-1.021444138909559873e+00
3.436139401136037441e-01,7.750765067855480694e-01
1.489169518522073021e+00,9.691710361265424289e-01
-1.211290449732987495e+00,-7.141521919232207694e-01
9.441460654049775414e+00,-1.220506345477772703e+00
-1.920240888686223502e-01,9.237014915003091131e-01
1.363079627093753340e-02,-4.801347226947149771e+00
-7.496239319491273534e-01,-1.507842247967080995e+00
-1.645428758549629666e+00,1.783510135689612142e+00
8.294555838206425946e+00,-6.096064549973013724e-01
7.823380639454144969e-01,7.285511149604317893e-01
-8.226818685905759043e-01,9.112643645124112179e-01
2.138081568717660197e+00,-1.283405856674301848e+00
1.030109944456098603e+00,1.217261917172026253e+00
7.886893497932865316e+00,2.559967064430359596e-01
-8.189902333814021995e-01,9.517266945869951034e-01
4.490216163733897758e-01,-6.989606772010729108e-01
-1.063146911537338868e+00,8.849685145774327522e-02
-4.479373317905064322e-01,-2.895174478209354696e+00
-8.124423087118730624e-01,1.183376546566519139e+00
5.527439748752014381e-01,3.318148102676419242e+00
-1.152139920102252191e+00,3.895372495965357951e-01
-2.245047173005469132e-01,5.088662634126533968e-01
-1.606200125399068979e+00,-2.229914803720999039e+00
6.233071569751470475e-01,-2.303185963211233922e+00
1.015170525463582996e+00,1.622021534879549698e+00
8.215269757878392864e-01,-2.791278886252708258e-01
-9.668407955266633547e-01,-1.633871025229976404e+00
-1.174812182794479076e-01,1.622221652194125507e+00
-2.610626504926534183e-02,2.203016606318465853e-01
-1.438460679092571137e+00,-1.270910837652913683e+00
-1.359528666187363732e-01,1.572540401919706676e+00
-1.472488182610972807e+00,-1.366062971857508135e+00
2.510544627713847010e+00,1.046716692612066790e+00
1.753594115140081566e+00,6.324965015116913447e-01
3.122056743692074310e+00,-1.937657340111638982e-01
-7.980542855867756025e-01,1.366785825155795386e+00
-1.059584456952774589e+00,2.416864184268103788e+00
4.254113832858431032e-01,1.196186319369494155e+00
-1.309737420497645299e+00,1.496245327884053733e+00
5.925917956438318465e-03,1.772265320295639768e+00
-6.689434370794368201e-01,-2.088436531251763206e+00
1.067787729151848497e+00,1.032405443675421752e+00
-5.208716470407482868e-01,-4.420205204387070985e-01
-1.551691278531906922e-02,4.024519132091688434e-01
2.490104590804406381e+00,2.408540915799283422e+00
-2.398496573495145778e+00,-6.105750973005195092e-01
8.035805977041940551e+00,-1.634348769695990411e+00
-1.446251310649760424e-01,5.084148279864020292e-01
8.475421119512552837e-01,2.490714516378574661e+00
-9.769470673557424656e-02,-1.580957232081335040e-01
-1.428047282820481989e+00,1.301804037792432700e+00
1.210207883367820259e+00,-2.210563930210549533e+00
-1.735612416986365369e+00,1.568968201888094161e+00
-1.068306212229080510e+00,7.151520837624928406e-01
-1.220912984257354950e+00,5.663634000736726959e-01
-5.050709755912959897e-01,-8.115786072384499894e-01
2.144569750040723921e+00,4.518483472706006365e-01
-1.399542163677110373e+00,1.611508322615517352e+00
-1.400248220349330719e+00,1.095333142751353961e+00
1.565978368811818400e-01,1.677416103386352830e+00
-5.082093862015816255e-01,1.796319135781411003e+00
1.634749584522907917e-01,2.019270381574772344e+00
-5.082093862015816255e-01,1.796319135781411003e+00
-6.922799850131959865e-01,-2.456839006384400115e+00
7.513917970010254577e-02,5.733291421264692378e-01
-3.508084525565697276e-01,1.706615685999841592e+00
2.343476772252127915e+00,3.738567112584567642e-01
1.088629631663599273e+00,1.565144057394340482e+00
1.088629631663599273e+00,1.565144057394340482e+00
1.525235016173503766e+00,8.915308659421766757e-01
-3.472276621584470258e-01,1.706656530625208612e+00
8.521927819549238947e+00,-1.006104756950775947e+00
3.808144968167039290e-01,5.515031726760214470e-01
3.687556634516137688e+00,1.989287009311317689e-01
1.304993128678097136e+00,7.807733301492935096e-01
-3.115866597888325429e-01,-1.545567495001173075e+00
-4.144386539014634496e-01,6.247782373657946309e-01
-5.915808308756367317e-01,6.193760455495167516e-01
-1.776802316382784241e-01,-6.421791807842708311e-01
9.135781493718899693e-01,1.487001307160434438e+00
-1.131272751699845758e+00,3.067383739553902755e-01
-1.161902905050448132e+00,1.192193606621902990e+00
-1.535621545925928144e+00,-3.345519369964436995e-01
-1.535621545925928144e+00,-3.345519369964436995e-01
-1.535621545925928144e+00,-3.345519369964436995e-01
-1.161902905050448132e+00,1.192193606621902990e+00
1.712271242188518006e+00,-1.030590800555854170e+00
-2.316071242622762816e-01,1.244586968745445388e+00
2.495788224555536061e+00,1.842103733714156366e+00
8.364652760472495174e+00,-1.372817878841922079e+00
5.056022423224041384e-01,6.215833727579436196e-01
-9.337091541504530245e-02,3.182903102818513963e-01
2.645569788569194225e-01,6.495722031241591976e-01
9.542896331630112527e+00,-1.304155759237778156e+00
-5.200642611439509899e-01,-1.745247527949263855e+00
-7.780743587599188160e-01,-2.672589116052781932e+00
-4.088895930856755179e-01,1.396052921645781764e+00
-7.220712355599824273e-01,1.512639106306850056e+00
-1.249061432900882007e+00,1.493302962581028126e+00
-5.072451679301711591e-01,1.370327420421810105e+00
-1.211570750161278465e+00,1.428432904601616205e+00
-7.210311333746185491e-01,-9.686573659723620722e-01
7.648683799864642197e+00,-1.759705295610810016e-01
-9.993272012013519889e-01,-6.080605634681218730e-01
2.625667031011511554e-01,-2.716531184688820932e+00
6.596567485371509498e+00,2.395679932203577736e-02
-1.369724442739926884e+00,-7.564112532999798244e-01
7.663298856232835243e-01,4.983229779631223599e-01
2.076031149314679691e+00,1.177113331123463835e+00
6.283079756854061948e-01,-1.027319045882178150e+00
-1.587419249269080623e+00,1.399216419677792089e+00
-1.120351191363142540e+00,-9.825041308207306257e-01
7.608051452157482686e+00,1.229441181558227569e+00
2.154804602597887864e-01,6.916976637205372036e-01
5.737720012582487455e-02,2.423667693765741760e+00
8.851274588852039216e+00,-7.858687639820186588e-01
8.175333135375232985e+00,2.707651846020272049e-02
6.239372176253838997e-01,-6.063573619360468347e-01
-7.333595574323015231e-01,-5.320624707245573681e-01
-7.333595574323015231e-01,-5.320624707245573681e-01
8.008474548749392241e+00,-1.700985480145331019e+00
-7.525786975588826255e-01,-1.078193869903793178e+00
3.535492224490225155e+00,-2.123564848173533082e-01
-3.042944188867424127e-01,-5.075166766581525879e-01
-1.351422384061466753e+00,1.338692822775993108e+00
-2.204899232066771742e+00,-1.198054449132269106e+00
1.421215566790229756e+00,9.965647730520114100e-01
2.126180515707113194e+00,8.886531409536789772e-01
-1.104879306212896983e+00,8.012979620169711215e-01
-1.623754182866305795e+00,-2.599279846011918749e-01
3.077348704599799367e-01,1.796128677616075420e+00
-1.133641037326525325e+00,7.185049690895434216e-01
1.261062102061785595e+00,-3.263054736875844464e-01
-1.591893489646632742e-01,2.709536208263380264e+00
-5.724703531834514081e-01,-9.632750362329842719e-01
2.271583584389875732e+00,2.925126623155407390e-01
-2.879330595206462395e-01,2.711755755621181319e-01
3.221627908393515649e-01,-1.971671158642512856e+00
-9.854365587677698102e-01,-1.701608321980681460e+00
-8.347348653600257240e-01,-1.109702401060027377e+00
-4.301096380822472809e-01,-3.475563178657665175e-01
2.043947725370219182e+00,3.544319607942647554e-01
4.756941240366963954e-03,-5.207508559441766938e-01
3.279770986805698781e-03,1.369886136708264868e+00
5.640948362761009083e-01,1.442418833107040443e+00
7.498269784547531458e+00,-2.399458368150433341e+00
-1.590775856106619646e+00,-9.570735300946298096e-01
2.110992154166382750e+00,1.348798760477808223e+00
-4.244044548270813899e-01,-1.086961103078135427e+00
7.259199457892246521e+00,-1.825582775282896808e+00
-7.704897887110857546e-01,-2.278353250249362194e+00
1.593474243791352718e+00,-2.060208815132518634e+00
1.512538638816985359e-01,-1.755519705264346308e+00
-1.672747273578741645e+00,-6.291398323053053465e-01
-1.566736727558550313e-01,9.738839280560362965e-01
2.225875398868178423e-01,6.207069905884440297e-01
-1.585467039074912599e+00,-1.410425806273254645e+00
-4.436987516044605950e-01,4.601957879055472156e-01
4.695375495436913127e+00,-1.970020286948777344e-01
6.981370386153097352e-01,1.080796800047050699e+00
5.475946779905822570e-01,1.089795823455277368e-01
1.799442232609970438e-01,4.163371004364136430e-01
8.753442010804743934e-01,1.130538009448544434e+00
7.778697427078782312e+00,-1.875909249163370429e+00
-9.396729212943631948e-01,-2.056928579534933910e+00
9.349402319031412389e+00,1.534233815050603800e-01
2.631614749562399824e-01,-1.655892338326631741e+00
-1.778145789560763301e+00,1.379222171415735332e+00
-8.871027625048755194e-01,1.412356588996472428e+00
-1.325144814844543273e+00,1.589292040977047460e+00
-1.406776555787661698e+00,1.278332289827574408e+00
4.567580800101966321e-01,1.334704861698880363e+00
-1.040448830540610770e+00,1.492628588805911649e+00
-1.318432229102767472e+00,3.986841969097421057e-01
7.563001819122356473e+00,-1.702339476107312954e+00
1.450681890957069342e+00,1.224204917048141716e+00
7.585507927396952788e+00,-6.254510838478005708e-01
-5.545549585299516249e-01,2.122907183801265418e+00
-6.718945951061505717e-01,2.376445201023311249e+00
-1.580837369174930007e+00,-5.740375233072505523e-01
9.519446227628021617e+00,-8.471915442834148102e-01
9.029281577875368114e+00,1.823583020519119247e+00
8.667476601241261847e-01,5.986290492911926497e-01
2.738234246768637137e-01,9.277103755597457813e-01
-1.795937606452673529e+00,4.440907897788173297e-01
-1.005723616104547302e+00,-1.684183509553454972e+00
8.074875265394990009e+00,-6.006588983529843606e-01
-1.372056151752173658e+00,-6.788211561629996227e-02
1.384274529959606870e+00,5.972950013267963598e-01
6.887130261160186784e+00,-2.154153116303231474e+00
-1.606344083701961578e-01,9.146464337047579551e-01
-6.711031921091333841e-01,3.322320337172007462e-03
-1.732845888692926328e+00,1.398475445788093907e+00
-4.654796545875408698e-01,-3.117192605584211962e-01
-7.591311834307755413e-02,1.874959692066067829e+00
-1.873284539689626382e-01,9.641297909859762871e-01
7.830405143677159785e+00,-7.590951131690192311e-01
-2.033498694105684290e-01,1.025569166042117120e+00
7.339440228086833606e+00,-1.836843590099365597e+00
2.687462901793981063e-01,-5.137804100593360568e-01
2.311341202579141996e+00,-9.127310020551163694e-01
-4.162790453815811698e-01,1.501806825620976560e-01
4.766231335591434304e-01,1.849372690803394725e+00
1.198338330820204911e+00,1.529731634498527892e+00
4.766231335591434304e-01,1.849372690803394725e+00
2.893605248102408378e+00,-3.967763268652986786e-01
4.766231335591434304e-01,1.849372690803394725e+00
1.978699769040174861e+00,7.325793288030942874e-01
-5.453957413587646741e-01,-2.984329808577520726e+00
-1.606204800707766278e+00,-2.229914554032576657e+00
-1.677266696815226332e+00,3.875818219948382048e-01
8.007998410735973904e-02,2.889103132386807715e+00
8.384315472733966601e+00,-4.056840658036339753e-01
7.936168327559072644e+00,-1.154934447406491760e+00
-1.007113738566242533e+00,-2.639593949701062869e-01
3.596138148924375999e-01,2.851737545016294728e+00
-1.466109463724203144e+00,1.134014546627846842e+00
-3.905085641593910029e-01,1.359458727180044901e+00
-6.704795847801131581e-01,-3.008678182370503329e+00
-6.039059440305755144e-01,3.473751237447552653e-01
-1.828343488328423305e+00,-2.306630574478321927e-01
-1.196032849683128063e+00,1.013741447009345320e+00
9.293799479465800317e+00,-8.437901745941015497e-01
9.290469568445820781e-02,6.296374955779436844e-01
5.717877217595469519e-01,-1.427110843449826139e-01
-1.852993370228384284e+00,1.990357723008818081e+00
7.372222451459930603e+00,-1.334655639081651302e+00
-1.663995926985787799e+00,-2.733654609223617360e+00
4.519383703220418713e-01,-5.592481122042605168e-01
3.530925172353643227e+00,-6.994075949004027182e-01
-1.364795256067719675e+00,1.041955114682875383e+00
1.539084557063215675e+00,3.869519562267316193e-01
7.498372370768612960e+00,-2.383731453879262219e+00
2.673306950028512749e-02,-2.590414967778157163e+00
-3.803319614326715614e-01,5.055533526886536455e-01
1.385021615744828960e+00,1.979649070631319230e+00
-2.382448176665837636e+00,-6.433829932876390656e-02
4.164861171225915926e-01,1.450512008535199238e+00
-7.278252888666142395e-01,-1.209104371085747420e+00
-2.012513120579535908e+00,2.006690797410368265e+00
3.255670648059161731e+00,8.763938424844571751e-01
-9.577879337102609414e-01,-8.757557329252378953e-01
6.956467442645888344e-01,1.173010921914479976e+00
3.745389510723072246e-01,2.164576421899409908e+00
-7.674201728891945073e-01,-3.665731953161139423e+00
-1.822904958256383601e-01,1.917538491951712221e+00
-2.411587815998680051e-01,1.821264409577010301e+00
1.699308221185206635e+00,1.035357755405041269e+00
-9.824043771820206022e-03,7.364461647942331934e-01
1.100744963021908385e+00,2.897797803170639952e+00
-1.733230201261948267e+00,4.051849970918927069e-01
-3.730829931204902028e-01,-7.178148963297167340e-01
8.107831180801899906e-02,-8.125881235865305419e-01
-1.332625866558104222e-01,1.572561495728566960e+00
1.263399871961923493e+00,-6.135753035593387583e-01
-2.058327737315560402e+00,-1.894740156693638156e+00
1.721867153920342564e-01,-6.031437831671052630e-01
-1.843104672687768675e-01,-1.375815026274134212e+00
-1.769394617654374890e+00,-8.090751059534319056e-01
-1.169324498325084727e-01,4.487804135159769170e-01
8.507136603307685618e-01,1.378128301222996399e-01
-2.370065180058577303e-01,5.106682831670552591e-01
-1.201392902660808115e+00,-1.191764396705875750e+00
-1.290922968998765352e+00,1.728015222276767959e+00
2.225593289214090886e-01,1.495698000024886953e+00
-1.292974197919988688e+00,-1.601623385700509994e+00
8.650435543971101149e-01,-1.500855717265359379e+00
-1.499452207987864938e+00,-1.069875218811422890e+00
2.067295514099730669e-01,8.820304472687579000e-01
-1.209978515909664987e+00,-9.305514343267434763e-01
-1.850349072461798805e+00,-7.227597923161062088e-01
-6.070263046296485721e-01,-3.447207418275057389e+00
-1.602491959721750625e+00,-4.729376598700663070e-01
-2.067729849423431521e+00,-1.539812791268320824e+00
-2.302827336959345050e+00,-1.177408084191425397e+00
-3.759631711783090746e-01,6.337059113887137940e-01
-2.393704413350721261e+00,-3.976564911814919889e-01
-1.519671358123533711e+00,-6.409833291534842159e-01
1.001815092519661998e-01,-5.725679140190974570e-01
4.482623763825414609e-01,-3.801975876468247084e-01
-1.603369482368704579e+00,1.476986791981288460e-01
-1.046857883107995102e+00,9.784078604682776570e-01
-1.140725844061225125e+00,2.940683975933693350e-01
-6.780134580020947821e-01,5.508517050453274333e-01
-3.120426603758528206e-01,-2.041300815449882400e-01
-8.774512468612333249e-01,1.232984790178889289e+00
-4.501704062627583380e-01,-3.528837415354017099e-02
1.721867153920342564e-01,-6.031437831671052630e-01
-1.569735175985720099e+00,1.224917632184168853e-01
5.309228115686877303e-02,-1.244567110247428277e+00
-1.819566860203037484e+00,-1.141317297555519916e+00
2.049085820748075548e+00,1.867417571644393925e+00
-1.440714536856638972e+00,3.461392399884253429e-02
-5.962407472838292533e-01,1.132316520862673270e-03
4.384938594534415479e-01,2.237356499191911763e-01
-8.970972365635454526e-01,-8.374186667551691832e-01
-3.929814610870389635e-01,6.243601035631937135e-01
-4.848338407464745647e-01,4.959866043833807137e-01
6.170957935931957739e-01,1.083541439173632659e+00
-1.080968770484904917e+00,-1.681209636579726885e+00
-3.808780091925447198e-01,-1.943937966229581260e+00
4.567083013877706321e-01,3.782438739539527583e-01
1.819127886367318814e-01,-5.262624836901851344e-01
-1.469029886282149922e-01,5.761156976433956522e-01
-3.360198902799054199e-01,-1.527086927948410056e+00
-9.832834724969048701e-03,1.640386024762488626e+00
-7.289866026501282681e-01,-2.877441576006370738e+00
-2.290440168439815682e+00,-1.086986968225457373e+00
-9.225917420122673462e-01,-1.625722424951900336e-02
-5.591993963282467783e-01,-9.434716711176474035e-01
-3.366980871233423711e-01,1.462666547914289517e+00
7.226334013909643250e-01,-2.023416072199049509e+00
-1.204086378410087255e+00,4.308276950404161254e-01
-2.217240702111483497e+00,-1.598447614037837861e+00
2.156352904261297498e-01,3.057981850883983443e-01
-4.535816100444407528e-01,-1.091834140376267914e+00
-9.985202409992672834e-01,-1.643707607420520078e-01
-1.865182189450809824e+00,-2.486834958419920305e+00
-5.359504915029223993e-01,1.965666614159546910e-01
-8.119141289009375040e-01,-5.355440038415937298e-01
-1.992975678500416015e+00,-1.434301859092400377e+00
3.300777996840815742e+00,-9.724889274468326338e-04
-2.377973007406815942e+00,-8.442455263013810551e-01
5.197524382390239506e-01,9.369726212162657886e-01
-1.807477834346487011e-01,-2.043621643563851009e+00
-1.236894448187740192e+00,-1.672096636036074280e+00
8.159267209824132561e-01,-7.894046793167983633e-01
-1.731026120799676604e-01,1.716173113248161686e+00
4.257550962103665015e-01,2.199593890099710070e+00
-1.882382988448674466e+00,1.124063267651409737e+00
-9.107874310371293358e-01,-7.741790126508120429e-02
-6.347878301953879809e-01,-1.477151502523256443e+00
-1.947460464621544540e+00,-3.384767117273220216e-01
-1.099404082181362874e+00,-2.165651881707857829e+00
-1.687199352835181854e+00,2.267594355680360163e+00
-1.778055361215592045e+00,1.303057870299169307e+00
-1.777384385438950387e+00,3.773933590271560390e-01
-2.019651123339525067e-01,5.578482282391766800e-02
-1.956496379577520761e+00,1.848758218984381418e+00
2.560197740301421110e+00,-7.810979192479742261e-01
2.032067619799413916e-01,1.831139330099457840e+00
-4.215469329388900066e-01,-1.285083568994441761e+00
-1.890163952492319721e-01,-1.149829661208513931e+00
-1.391751603984238583e+00,-1.279532833349350529e+00
-4.111617638019322007e-01,6.008299293000995966e-01
-8.369127895550562135e-01,-1.628531206020413125e+00
-1.290922968998765352e+00,1.728015222276767959e+00
-4.724023084701635122e-01,-2.521363408753327096e-02
1.213980331406460111e-01,9.253116384547370732e-01
-8.104821204071028795e-01,-1.270852978210483153e+00
2.442724073836153753e+00,9.429489308895812050e-01
1.107234533371646568e-01,-2.151877147971876347e+00
-8.774512468612333249e-01,1.232984790178889289e+00
-3.380367481904480997e-01,-1.246025654420056972e+00
-1.826411918979195415e+00,-8.186038985553399927e-01
-2.797225989890445574e-01,3.484663144094440335e-01
-1.456448713850138965e+00,5.908697224792844871e-01
-1.302633340172508314e+00,-3.501176081017078334e-01
-1.629738958727897646e+00,-6.204702623410526252e-01
9.105937137508902934e-02,-5.669746177128123232e-01
4.624010162360545628e-01,1.298427253237931733e+00
-9.831266420287806396e-01,-3.230235535902038713e+00
5.725164505609274812e-01,1.235448081575231116e-01
-8.135071234872539581e-01,-5.496901255346846593e-01
2.236489349244492053e-01,1.809904931953414953e-01
-1.057735267796408474e+00,1.646331963366696627e+00
-5.805543946302200720e-01,8.042423623476290251e-01
-1.306717531098942953e+00,4.336250255171062995e-01
-9.862429878875880185e-01,-1.720434757742404397e+00
1.699957719619339613e+00,1.315808608720334894e+00
-4.107872556764008976e-01,-2.144804461351698111e-01
-1.023005124876593230e+00,-3.954020158893514214e-01
-1.002187166659559647e+00,-8.645139742940098904e-01
-1.180326350539335101e+00,8.673596109790008279e-01
-2.891624176713491479e-01,1.194691359983929946e+00
-4.754798992424336679e-01,-1.445407469453257043e+00
-1.625496108791132155e+00,2.785139963223031701e-01
-1.103160815494363511e+00,1.029078640742441486e+00
-8.157626855233798269e-01,1.548720213528988143e+00
-1.927968976491556186e+00,-9.768985677133620316e-01
8.250419335487002570e-01,-9.313626012745360727e-01
-5.556751522541788502e-01,-5.492978988435364140e-01
-1.882382988448674466e+00,1.124063267651409737e+00
-6.741068980335105376e-01,-1.991712927687627088e+00
-5.356141470739982369e-01,1.036287247808339584e+00
-2.009537430414838344e-01,-7.702440177135438937e-01
-5.466377422834954869e-01,-1.209698835999811539e+00
-5.873962269540105030e-01,-9.268311715846156984e-01
-1.336809495631108735e+00,1.530687411880880422e+00
-4.153337586374790114e-01,-1.254153442855669098e+00
-1.379603075953452551e+00,-7.754522318219772004e-01
-2.144686533942086193e+00,-5.167594817272221919e-01
-2.340240223471888314e-01,5.591409091862381553e-01
-1.140946823881115346e+00,-5.294609645562352307e-02
-1.461694008740696882e+00,1.472062543092186038e-01
-9.345248312317921968e-01,-1.265346284580827430e+00
6.373471105329840680e-02,-4.558620463678742518e-01
-1.936962745013084408e+00,-1.529164894580667400e-01
-5.826064352283474301e-01,-5.481688545239730148e-01
-1.927531384458901931e+00,-1.680458257430596847e+00
-2.283187367889594199e-01,-5.732156749674346408e-01
3.323783994416560916e-01,5.960020608093123951e-01
4.100099099030579453e+00,4.596852383150628607e-01
-6.932581448694242754e-01,-4.028654407894366463e-02
-6.528304279069084559e-02,-2.524747604834380876e+00
-6.584859597718550894e-02,-6.029089437683853303e-01
2.349824495106737299e+00,1.052613969540665551e-01
-5.335918053012418394e-01,1.185522434439757467e+00
-5.735714462873742203e-01,-6.852148054207556349e-01
-1.148648360306994132e+00,1.559124296407248256e+00
-8.495664784647243284e-01,-9.891062081585026700e-02
-6.416014685316030475e-01,-1.638932898334262367e+00
-6.860096055169042639e-01,1.441657581327819848e+00
-1.760982219812883720e+00,-2.272341937016652658e+00
-3.957872148331968987e-01,5.300251421722861345e-01
-4.307981449657335982e-01,-1.888266027226045640e+00
-4.145461722367798640e-01,-2.353214672148448428e-01
-2.321881713894543842e-01,-3.142308178515909489e+00
1.001898865697278040e+00,1.073341313527831797e+00
-9.925257303498122852e-01,-3.677916128504766374e-02
-1.372037162696781110e+00,1.095619287333206904e+00
-1.010330462440286903e+00,1.029868583489546463e+00
2.421252309829739602e+00,3.155065402751693754e-02
-6.340285788903254893e-01,1.708507853302940749e+00
-7.881027570264834692e-01,1.277062311645361214e+00
-3.850029106091155673e-01,-2.349560746465154948e-01
-1.467004049555560297e+00,1.124802580509191019e+00
-6.235585728306871633e-01,2.193300640484979080e+00
-1.850079100711397029e+00,-5.476614346845036785e-01
-5.455527410451989079e-01,-1.225909247052910933e+00
1.479600231005541389e+00,2.994400145312875239e+00
-1.240618760855300762e+00,1.493726931572190164e+00
-1.217127366313725201e+00,1.542251358538602846e+00
-1.660960889750336733e+00,-1.579562102622744213e+00
-5.221776103020218107e-01,1.709749331982265641e+00
-8.080145654252119947e-01,-1.233628287119058697e+00
-8.107359414318802138e-01,-6.451006244526369393e-01
-7.408620744374422307e-01,-8.872840357006641643e-01
-8.003948606834825341e-01,1.446140882240583680e+00
-2.040782081123289515e+00,-8.614869227821720932e-01
4.457517576432753342e-02,2.994885418419970802e-01
2.574748911269121865e-01,2.210299157004740778e+00
-1.990101046250065453e+00,-1.086610196768915237e+00
-1.016749437473555950e+00,5.383453426962472310e-01
-2.611543275106210649e-01,2.029258120077639116e-01
-1.938384956864407094e-01,-2.425305766317781497e+00
-5.102173341049799360e-01,5.089465899747307454e-01
-1.401238828640965606e+00,-3.675447355430956353e-01
-5.855734007660802209e-01,-2.489921598143947090e+00
-1.005541521042250919e+00,-9.436740546893800374e-01
4.287866703112192535e-01,1.409779516943809208e+00
-6.120189407551052813e-02,-5.949154401173543105e-01
6.414315683717857208e-01,1.443805952479682464e+00
-6.585422927853201713e-01,1.525750562683298339e+00
-9.109071480635160256e-01,1.601713481396561667e+00
-1.292374696499707154e+00,-8.031911498044331799e-01
-1.145593104656355221e+00,1.448439944518763234e+00
-4.710245805262380236e-01,7.948512420851715499e-01
-2.068474541370626696e+00,-1.763646280807093181e+00
-1.542359920433990617e+00,-7.054708322994062142e-01
-3.440066952029481318e-01,-1.697833180167606315e+00
-3.635413917806754047e-01,1.747419532294751443e+00
3.559076787243227735e-01,1.058710096169656278e+00
-1.717875791207886804e+00,-1.435066391898014881e+00
-8.003948606834825341e-01,1.446140882240583680e+00
-1.088568137279888104e+00,-1.180816848673778896e+00
-1.231331318644008910e+00,-1.009613264345263550e+00
-1.391481498813447626e+00,1.531623612468915985e+00
-4.597967281598129841e-01,9.533911266423583664e-01
-9.383703436142492027e-01,2.156259216175789639e+00
8.718500601280587681e-01,7.037537685847901070e-01
1.065898279562952841e-02,-8.841013985775636463e-01
-2.607902843674606785e+00,-6.788609101206931618e-01
9.621729619165899638e-01,1.171401678987773920e+00
-5.638261983291812385e-01,-1.103440402218056393e+00
-7.118700086806005467e-02,-7.006762781546114205e-01
5.284010253976301197e-01,3.287299020465376254e-01
-1.129640194339974535e+00,-1.042601617248742896e+00
1.957803998587031025e-01,1.180584452760741199e+00
4.910424578686792274e-02,8.454556546221190239e-01
-1.061661395703844990e+00,3.932073198671204306e-01
1.028353036612781324e+00,2.809067352431906389e-02
-1.288212106384413858e+00,-2.432916849656511782e-01
1.236676758736263010e-01,-6.869508497503831190e-01
-1.538964216735520640e+00,8.402619594685916127e-01
-8.268689853547402935e-01,7.848171672462667114e-01
-1.352008691164315657e+00,1.706273951960710633e+00
9.210467428787093569e-01,-1.300516118400766086e+00
4.118373906584516853e+00,1.098570045341152115e-02
6.714020154643799421e-01,7.508247126997951160e-01
-6.162716667286639582e-01,-4.953282930740603995e-01
7.493570095669411790e-01,4.762291492209976829e-01
1.001710758274834356e+00,-1.838655157357107495e+00
1.173912703814393721e-01,-1.769392023577847306e+00
-8.613513707570976674e-01,1.624912949127217177e+00
-1.325176077984810741e+00,-2.984323798606972056e-02
3.796030211771465601e-01,-2.741597042436672571e-01
9.820742589201579831e-01,8.372430137172839903e-02
-3.396555221584712791e-01,-9.563613567166552587e-02
-1.171205603339118585e-02,1.494535025372765613e+00
-1.553129191262357933e+00,-6.865433440316266456e-01
1.196018866577727435e-01,1.954764553053745801e-01
-8.733609913671750435e-01,1.084982014941602513e+00
-1.677569562093570665e+00,1.670434648227635821e-01
-1.814546420583212916e+00,1.313027169330855060e+00
-5.298606510313911278e-01,-7.474574627298144480e-02
-2.740535716558590296e-01,1.833218428121308863e+00
-1.194819573350370145e+00,3.506886081172032044e-01
-1.895591032785206576e-01,-1.206498109817715214e+00
-3.120462048955701118e-01,-3.994303935176589659e-01
-8.103419580798282285e-01,-8.052767038795328736e-01
-4.781178340319274800e-01,-8.922333218545405176e-01
-6.098110746791626235e-01,-1.552206078758129548e+00
4.246018707332220643e+00,7.563272420176588018e-02
-1.347560972211161445e+00,2.055784396787353696e+00
-1.462384302896487798e+00,-3.705161473062649202e-01
-2.724985551802996397e-01,-2.036270990080081056e+00
-1.632796393571544824e+00,-1.748246505712873544e+00
2.601842441744795398e+00,-1.723989535043805699e+00
-2.367633335991003452e-01,-5.938265161515666746e-01
-1.022322282331396659e+00,-1.389475263584404319e+00
-1.981671700755989751e-01,-1.628361173693156916e+00
-9.772559997181005098e-01,-1.379099841505187385e+00
-1.294723975182363818e+00,2.126698629620544234e-01
-7.169329083554599746e-01,-1.388213473350410121e+00
-2.560387822284356574e+00,-6.312811990444763266e-01
1.039503449795568801e-01,1.410576141327896549e+00
4.517728910975911671e-01,-1.150909297427616051e+00
-1.292234290675838837e+00,-2.947084424614442866e-01
1.748569952200547117e+00,-1.406590660360908848e-04
-2.101626659212564974e+00,-1.833457235065525825e+00
-6.111801523202158304e-01,-1.394524216005001982e-01
7.206230986511610315e-01,-4.550967888253736882e-01
-1.100258731052034422e+00,4.404796157083924468e-01
1.241599600023958638e+00,7.654294770058319708e-01
-2.068677603973153867e-01,-4.694087230456728821e-01
-2.706296585852382419e-01,1.131722374119796259e-01
7.421376694988133238e-01,1.125241299625523439e+00
-3.283569759199436167e-01,1.092359593633034143e+00
-3.508888495670123286e-01,1.117019226362411910e+00
2.972953854990303402e-01,-8.709092948262238121e-01
5.909986709926497682e-03,-8.120488192322528054e-01
-1.029307101128204671e+00,1.631714271841178121e-01
-8.426449378694690351e-01,-1.311380593832727204e+00
-4.005359625877448759e-01,3.442766518721956936e-01
-1.351516718142835805e+00,-1.661514794493068381e+00
-8.900316693650189848e-01,-2.408824373678080555e+00
-9.085553082588900820e-01,-5.005101703834156229e-02
-1.679471878767615362e-02,-9.320023975792132154e-01
4.264737477257602438e-01,-4.402631506086260860e-01
4.870209740233549800e-01,3.213440274556413900e-01
-1.611650505271769784e+00,-6.495040484264998915e-01
1.097909618331778941e-01,-1.554828108360960304e+00
1.587823134642811329e+00,5.156329549228180209e-01
-5.051393987792647255e-01,-8.815635944120792100e-01
1.364445410037045336e+00,1.078370418940227449e+00
-5.523495661246758948e-01,1.551857348788814539e+00
-1.810316218768173613e+00,-3.388522464400380713e-02
-1.401666191382943571e+00,5.850891627689694952e-01
-1.064809853543476681e+00,-1.342198147395418317e+00
-1.222187890036189772e+00,4.218780768630266964e-01
-2.786585568599505569e-01,-1.956595910991388576e-01
-1.670359083156671698e+00,-2.432722673937329105e+00
-5.303817210385095571e-01,9.502883518239986504e-02
2.091378910353607901e-01,3.586740583169193974e-01
-5.033994572709852428e-02,-1.404613977387149104e+00
-1.494146593675272694e+00,-1.624042941353098124e+00
-8.977854783258786275e-01,-1.679376160774907589e+00
-1.227448909505439945e+00,-1.252731568199684897e+00
-8.582764302019473268e-01,1.801619776759472824e+00
-6.045848196851347778e-01,1.262403946918756903e+00
7.809601858517372097e-01,1.723278569100857416e+00
4.682645413897266184e-01,-3.362582372502160299e-01
1.918452470659680054e-01,3.092698689460418593e-01
-6.965099586040741642e-01,1.637854286885792376e+00
9.307855924626218247e-02,6.134121564485672112e-02
1.985204792067092328e+00,-1.277908990192404559e+00
5.187105961374292029e-01,-6.638596450003875216e-01
-5.772444865405021996e-01,-1.274445749158368502e+00
-4.315748718815770046e-01,-5.730723447926405756e-01
-1.550931885757570905e+00,-3.179032482984764374e-02
-1.321363035548643872e-01,6.201070320430928096e-01
7.353866550299416049e-01,-8.183033807691562078e-01
-1.524026171274486474e+00,-1.196284567346891925e-01
-1.576836604744783488e+00,-1.008666214833550789e+00
-1.310386417419142635e-01,-1.461771639226221442e+00
-1.013959899638207318e+00,-4.419839137961614761e-02
-1.132092248651501931e+00,-1.564544877850810867e+00
-5.762961157809693979e-01,-3.316538739456570406e-02
-7.660355064750671295e-01,-1.059457213014003640e+00
1.858413823438278323e+00,-5.397913106957222817e-01
7.224044253529585680e-01,5.165779464273532323e-02
-4.525595563722511483e-01,-2.138378188816388303e-01
5.548886793254173000e-01,7.838846931535441431e-01
-3.320231325483760654e-01,-1.128784789801007049e+00
-1.395594154728171832e+00,9.888746006131317046e-01
-7.554055135112376362e-01,3.339970802198549693e-02
-9.041233139355987491e-01,-8.138309023454772806e-01
-1.723022345494751750e+00,-1.312099381154253619e+00
7.178506558962624573e-02,-1.186608389760266835e+00
-1.132832268064627002e+00,-4.948946309863892501e-01
-1.211145501076093201e+00,-1.124384643289178864e+00
-1.897420890455303821e+00,2.229822444030719275e+00
-1.339919357846264036e+00,1.856925508739936115e+00
1.714733245439544751e+00,1.097299726433339506e-01
-1.585975733419645595e+00,-4.462721123118693622e-01
-1.214235844339216497e+00,6.104090653725646742e-01
-3.588309387193608924e-01,-5.097082851104299817e-01
-8.905962215110864444e-02,-2.879738796647210997e-01
-8.359462448792112088e-01,-1.209388757342592324e+00
-1.716672901116542249e+00,-1.809948377877650394e-01
-1.006338282535604867e+00,-1.567327981772069556e+00
-8.395102039105699632e-01,-5.238060023877839227e-02
-1.190897288846060276e+00,1.466072619659868417e-02
-5.009585477732844128e-01,1.912271340071792780e+00
-6.644862979426342520e-01,-1.357614762116554630e+00
5.027601426353618397e-01,2.021465193927053150e+00
-1.272026257854611542e+00,-3.718249431005636874e-01
-9.141895175506801197e-01,-2.029823713864976398e+00
-1.776867125970936490e-01,2.511378547063679578e-01
-5.190335753618438019e-01,1.454325679468350563e+00
-2.081398262725386861e+00,-1.996622329832671072e+00
9.496993255617620644e-01,-1.177573762176248318e+00
-1.448485460667343849e+00,-1.053859277071495848e+00
-3.963442063445340446e-01,5.109207955249724931e-01
-6.767192370035388649e-01,1.570254583545087068e-01
-1.233654790946143942e+00,-1.302933308231330134e+00
-3.451640543041235576e-01,3.403490776513025118e-01
-3.197747347378581684e-01,-1.112227083307531839e+00
-1.595445813778375854e-01,-2.371427160325407235e-01
2.997513966144353947e+00,-1.364329834812306741e+00
-1.677266696815226332e+00,3.875818219948382048e-01
-5.569044793473019173e-01,5.062857379378840061e-01
-1.281082752010852810e-01,-1.553992631469998109e+00
-8.761115158271159942e-01,-1.441993964373937009e+00
-7.244421199203372741e-02,-4.052026956904556387e-01
-9.613201813166888376e-01,-1.939424189596989256e+00
-1.700405442411192070e+00,1.001253909771002260e+00
-7.299189590307526565e-01,6.865324545933368938e-01
-2.143803265988862616e+00,1.972750435903678767e-01
-6.899573162789518488e-01,9.878209780018144537e-01
-1.359971480341838124e+00,-9.442382829777009601e-01
6.488833381153241708e-01,8.644470209843377884e-01
-2.140305353987918824e-01,7.102818204127525625e-01
-2.819005994322791864e-01,1.099296233471159567e+00
-9.500852237057224592e-01,-7.349538520571348155e-01
2.414076774153224303e+00,1.050360910717350382e+00
-8.149482243997459019e-01,-1.247436548196440453e+00
-1.006460423895870093e+00,-2.681987083457249899e+00
-8.069369521134946988e-01,3.955268024672604632e+00
1.419175377096210978e-02,9.766811546607616634e-01
-2.082327272730239542e+00,-9.625303583028778365e-02
2.487056471416172698e+00,1.585439021032242657e+00
-1.017849507074364723e+00,-1.460966113973765523e+00
-3.463488259565199179e-02,-4.942375569156237658e-01
-1.888394463607932616e+00,-9.236712908574208347e-01
-6.840536658213788312e-01,-4.543183194295392219e-02
-1.002125500065842001e+00,1.130863377347911120e-01
-1.237405349707557889e+00,-6.080820249602787442e-01
2.544440606871443133e-01,3.632067102837899242e-01
3.120068072382899071e+00,1.245044767953312315e+00
-2.092161678057339103e+00,-1.162637397940394557e+00
-7.479057495861283211e-01,-4.361769610806674469e-01
2.368378906761395619e+00,-1.980708724298033685e-01
5.521330771701353779e-01,9.635581274691945586e-01
-2.829556418917984484e-01,-1.031054881830386183e+00
-1.255533677510080937e+00,7.839605861749153748e-01
-5.820331419061375300e-01,3.436261703144464774e-01
9.257521774686529037e-01,1.127000076428791520e+00
-6.477888728949080521e-01,1.499642050249990533e+00
9.742800407001915852e-01,4.335244840072608241e+00
1.285661625042028744e+00,1.457994618890684491e+00
2.003508418876507047e-01,-6.478383812793850893e-01
-9.708179911079176105e-02,-6.516059570243217802e-01
-8.200663314479738064e-01,-2.770627926445512035e+00
-4.767919220964488836e-01,-1.627195316129348202e+00
-1.303395292199780009e+00,-2.089756201289613369e+00
-1.285967739546176603e+00,3.952964592311943859e-01
-1.183229577745396055e+00,-5.610503092848945217e-02
-9.949190420367777232e-01,-1.087932088423972488e+00
2.401177237226912009e+00,3.277303042833337732e-01
1.585408249914170009e-01,8.180616871308625804e-01
-8.770755987769011108e-01,1.234179772236605688e+00
-1.892801621575816995e+00,-1.229703890008216005e+00
-8.770755987769011108e-01,1.234179772236605688e+00
-3.115600402827797821e-01,-4.420412494155124272e-01
-2.334823243400485637e+00,-6.747969962802345956e-01
-1.242678427321575407e+00,1.858385904638172326e+00
6.170957935931957739e-01,1.083541439173632659e+00
1.807602574509589832e+00,-3.281751749326589085e-01
-6.262624297130198192e-01,-9.623016301129088124e-01
-1.117878866750636302e+00,-1.799367970676654771e+00
-8.494783501086471400e-01,-1.907267666658043925e+00
-4.734569316582392662e-01,-2.427131223663676618e-01
-6.424525468330132272e-01,-8.624781224589027628e-01
-1.058786668132797537e+00,-7.862737759464228926e-01
7.499051939374702380e-01,1.093212999823372777e-01
-7.677768365554613617e-01,6.545490345889737327e-01
7.071969496036414338e-01,5.934172294260744440e-01
2.032878500653184373e-01,-1.227892862940174634e+00
-5.734473305186578163e-01,-2.487554958626105872e+00
-1.161383480337784713e+00,-1.374794835782071400e+00
-1.310148629941180420e+00,-2.522155166194214315e-01
-5.438016454403190592e-01,-1.627693374232014323e+00
-1.215706061473654231e-01,-8.093489256037981194e-01
4.150870457933805824e+00,1.147539287992397905e-01
-4.787149458518337730e-01,-3.291520353317121117e+00
-8.601659583223068006e-01,-1.782274982287961773e+00
-1.611704452776583141e+00,-1.543445240062679247e+00
-8.354900012790371644e-01,-1.858661310326688243e+00
-9.495358339251718238e-01,5.700241348756633908e-01
2.228149723720047326e-01,6.453023913249241739e-01
-8.082349717570880276e-01,2.587851295781778749e+00
4.004595457441733064e-01,1.386283317953704408e+00
-8.082349717570880276e-01,2.587851295781778749e+00
-1.079387129950339030e+00,9.341720163073006233e-01
-1.472944382125656704e+00,-2.617948147959720639e+00
-9.146142102931112960e-01,-2.521570290217932442e+00
2.652072611579758266e-01,-2.391912968265938133e+00
-5.557956477516698968e-01,-8.077862536689078832e-02
-1.380257986735917708e+00,-8.677289541680658358e-01
-1.775009019761670248e-01,-9.258975765744392739e-01
-1.098723948445123888e+00,-4.279189442810634181e-01
1.472266927733118180e+00,-1.397074363218777926e-01
-1.703918855563397727e+00,-1.326646101614875839e+00
-1.176031290275973529e+00,-2.039446863065148108e+00
-1.014433586641012797e+00,9.830566830432229120e-01
-5.054775057604125044e-01,1.569425124530240190e+00
4.235666217623589302e-01,-8.033454846800435201e-01
2.588840837021048724e+00,1.099191380198824897e+00
-1.557663828259751693e+00,6.668710951142141630e-01
-1.576123706942518243e+00,-9.004890825409248567e-01
-3.451063000587048513e-01,3.422269146907422899e-01
1.383941931956442772e-01,1.253289132647281257e+00
-5.199069657112312948e-01,9.899372942578921197e-01
6.608002343935307499e-01,8.592264551933361805e-01
2.713534782139144785e-01,1.352950291681351391e+00
-7.218979150637794273e-02,-1.041310221913299972e-01
-1.122633930509222999e+00,-5.746258954227938531e-01
-2.028876014309128895e+00,-1.276490466870928264e+00
1.493541053964782261e-01,1.665662578988954756e+00
-1.398430966010655752e+00,1.749259082792148812e+00
2.307946111913338427e+00,1.598007753717428869e+00
-1.411335881865541042e+00,1.237378629939870356e+00
-3.909858700670356679e-01,7.752856955470448508e-01
3.640539071806686566e-01,-1.452670327678292184e+00
-5.411836152322271332e-01,7.175024546494738198e-01
8.220535414744271074e-01,1.616034565855687166e+00
-3.837904517219462019e-01,2.583099551895695623e-01
-4.857723175288376077e-02,-1.322303597703510025e+00
-9.184875390166910014e-01,-1.414298388718037591e+00
2.518128323158701942e+00,-8.437761630987486994e-01
-5.987933952455712916e-01,-2.375232312308676264e+00
-1.736508940230772347e-01,1.281638539626045903e+00
8.172641618851577139e-01,5.587094035762523170e-01
-5.567528460428283754e-01,8.839231417477033670e-01
4.423260203386076839e-01,1.476302316057250597e+00
1.690992167534518975e+00,1.285053103817602738e+00
1.685145301488903069e+00,-5.610378676051476221e-01
-9.433199910831118196e-01,2.854019912035493878e+00
2.021383856625637243e+00,6.446964087484348127e-01
4.291198168103284583e-01,6.568777972668319309e-01
-1.642610796959546926e+00,-9.684696184772914052e-01
-1.499017685922860554e+00,-5.675119635504964899e-01
-7.165335208525561717e-01,-2.190107637202079793e+00
-1.754549725561162399e+00,-1.759157964038649213e+00
-1.635747935267424680e+00,-2.948424121204077375e-01
1.578176093881319186e+00,-5.115923753212313352e-02
-1.418542706358812300e+00,-2.817693852993262027e+00
1.282886682561652059e+00,-5.117362989159713882e-01
2.451322005804180026e+00,-3.652518515529452198e-02
-4.225439706872690104e-01,3.738138240850014671e-01
-5.050517471856972307e-01,7.194100542540141641e-01
-6.965787837634108692e-01,2.031616275535106375e+00
-9.952588582045073240e-01,4.617540002502771301e-01
6.611293922222185593e-01,1.834801918376628205e+00
-6.872180319613480082e-01,2.492893929085699067e+00
-6.872180319613480082e-01,2.492893929085699067e+00
1.930422130413656789e-01,-3.367226563458213806e-01
3.983706687193080964e-01,-1.154594676731785619e+00
1.865312655984359136e+00,-1.298898507680567915e+00
-8.933429832040153465e-03,6.296604050703720201e-01
-1.961992323854320208e-01,-7.730756942138732046e-02
-2.767089675287845441e-01,5.456802148949432274e-01
-1.640242249478275349e-01,-1.415104814747441653e+00
-1.406572736971418713e+00,7.464429644683009402e-01
7.913056087948820982e-01,-1.602278965309532177e+00
6.322797452429909648e-02,-6.838380635297037768e-01
1.083025854323074882e-01,6.574411325620891366e-01
5.572147697650166320e-02,1.311883971925697834e+00
3.608645722375693587e+00,1.258596770444888602e-01
-3.071095232959020760e-01,3.384093865579542726e+00
-3.071095232959020760e-01,3.384093865579542726e+00
-2.494885721705492332e-01,-1.572981998320874542e-01
-9.263557865729155072e-01,-1.668691551098249626e+00
-1.282690563764213421e+00,1.082424703954628364e-01
-6.844607620293655659e-01,-1.687510534397600015e+00
1.375776533975221705e+00,4.493480049234218066e-01
-1.495461307965294084e+00,4.250944194116137304e-02
5.012467524138090047e-01,1.689999643626949988e+00
-5.547770759385100003e-01,3.157184403923388727e-01
-7.795367555994966446e-01,-1.585436034172599484e+00
8.312434878117057613e-01,3.476822333083992578e-01
2.047288249641400437e+00,5.044058118539443969e-01
1.911541025395304016e+00,-6.768120089429666697e-01
1.066382991485994580e+00,1.496066319039261572e+00
2.556320363682966779e+00,6.928346104339052625e-01
-3.083727806797630366e-01,9.933926524303494654e-01
4.873667800814573958e-01,1.172379092715692295e+00
3.744213191156985587e+00,3.532783259876805193e+00
2.289435852454182740e-01,-1.100788673505829873e+00
-2.984891449394776186e-02,-1.086922581128065168e+00
4.119392184887279984e-01,-3.929749154648075615e-01
1.904006905161634566e-01,1.226225715170904174e+00
-3.738965528239277525e-01,-1.131860705633651154e+00
-4.835967656380629198e-01,-1.344885222502516964e+00
1.848326685359289012e+00,1.100018095464169621e+00
-6.340285788903254893e-01,1.708507853302940749e+00
-8.017945907005114003e-01,-1.038970954647799427e+00
-5.608727548435109567e-01,-1.940243847610482408e+00
-2.503203983554991852e-01,-7.995233827146773775e-01
3.941398514018549376e-02,-1.466845532831700716e+00
-6.827608398043238935e-01,1.228325196133978281e+00
5.217781670279325601e-01,2.900875580024032674e-01
-8.697390140166736394e-01,1.352466072901090888e+00
1.282886682561652059e+00,-5.117362989159713882e-01
-1.048873384398606223e+00,3.977918000458615516e-02
1.089697423495667561e+00,-1.022657124825443020e+00
-7.565279834784643942e-01,1.193538747537987277e+00
2.718768111711379998e+00,8.306940337462943580e-01
-1.286055106370060042e+00,1.410257671763008869e+00
3.530925172353643227e+00,-6.994075949004027182e-01
2.342690241497905890e-01,1.724310651744835332e-01
-8.924464604242509091e-01,4.307685743941196410e-01
-3.695495042551352055e-02,-1.397848677926337047e+00
-1.150693795953503740e+00,4.062173429470908315e-01
-3.805776703548082174e-01,1.530927017145897517e+00
-1.133839532793916582e+00,8.917194052182975117e-01
3.640471513215888244e+00,1.113931559078031458e-01
-1.772868925571308985e-01,1.319162795282781797e+00
-3.292860920317963180e-01,-1.670521394873086263e-01
-2.257604355209430480e+00,-3.574604996579008875e-01
-1.386396504174093103e+00,-7.504291555348607812e-01
-7.965845524300693148e-01,7.760619645687547585e-01
5.595461172618705348e-01,1.601686658355537585e+00
9.203819553105598017e-02,-5.737953287093194854e-01
-7.670319517503233486e-01,-3.975359224658513990e-01
-1.208397941646087714e-01,-7.101444815364416074e-01
-1.487011876331822746e+00,-8.344171887506376395e-01
1.462070508076504627e+00,1.369610594089181399e+00
-4.070558494574094133e-01,5.671919341139239901e-01
-1.889146672935282101e-01,1.038643559149717621e+00
-4.959723341841812405e-01,-2.836995850353458137e-01
-5.667890316783920357e-02,-1.793250646177930507e+00
-1.046424554844985977e+00,-9.363926438166417787e-01
-8.391991714523661106e-01,9.486328808384637545e-01
-9.730432289970036841e-01,-9.285459042420194375e-01
-1.543367555612555064e-01,-1.127746281514432569e+00
-4.107872556764008976e-01,-2.144804461351698111e-01
-3.029331975174405778e-01,-1.971893994512846193e+00
-1.492227406218888497e+00,-1.758374578119639597e+00
1.498551280767586924e+00,-2.441283658306506954e+00
2.951222385758895062e+00,-1.153910132687386625e+00
-1.398824629781748818e+00,4.630094935228457054e-01
8.165317703236371072e-01,6.027513574710335886e-01
-1.198368338463871918e+00,4.270209335440026122e-01
1.306589624772722669e+00,8.709142174518594848e-01
-9.264831542752700599e-01,2.138706409391598062e-01
4.254283897834264527e-01,-4.304396424702695567e-01
-1.709114420998658623e+00,-1.808646081995908039e+00
-2.096910472419874605e+00,-1.466563576191599605e+00
-1.203227659918240322e+00,-1.401700332930288173e+00
-1.378925927708674726e+00,5.637910489128168390e-01
-5.274699749830202844e-01,8.456947846549819348e-01
-7.224960915629446978e-01,1.943644472986413518e+00
6.499181445573364302e-01,1.545125165339795048e+00
-1.095029921570690234e+00,-8.077596744291259956e-03
-1.216552334396217905e+00,-1.040527692692111650e+00
4.709361388865430098e-01,-3.827388476699774778e+00
7.574909957598126020e-01,2.740869219744471175e-01
4.546462308047565792e-01,-1.155295781321731940e+00
-5.434243097496497255e-01,1.525262035548485384e+00
2.097441471078120401e+00,6.277594568458972901e-01
-5.785289509265443275e-01,2.607294311573907120e+00
-1.217127366313725201e+00,1.542251358538602846e+00
-6.671204360617654094e-01,-1.757732611253622679e+00
-4.091559021321047318e-01,3.587950081020568893e-02
2.188784970365293958e+00,-8.495134893032950385e-02
-1.391751603984238583e+00,-1.279532833349350529e+00
-1.094431113186804111e-01,1.498582272645773594e+00
-2.601119210485630662e-01,6.500618246599908223e-02
-1.693747780134259751e+00,5.048887360627681842e-01
-7.310979106530905193e-03,-5.340847118924688108e-02
-4.236593928778520923e-01,-1.005878582717630421e+00
6.294241753632873193e-01,7.659299670776989477e-02
5.845492197023829245e-02,2.146197545386483718e-01
-1.189210334803329383e+00,1.927713904578858273e+00
2.679855767435389002e-01,8.658191916968990265e-01
-1.723731923989126447e+00,-2.047392409457371887e+00
-5.201059317593430542e-01,1.122593236907379888e+00
-4.580946656046035459e-01,1.155781195672339834e+00
-7.415234364671946521e-01,-7.802368916462596449e-01
-9.663535972416157360e-01,-1.152723735425564833e+00
-8.082182751267276144e-01,1.331203641162808315e+00
-2.384434482107144482e-01,1.011443239879294298e+00
-1.276610283306710336e+00,4.377531539830291085e-01
1.714354004658325548e-01,2.167669341666419669e+00
1.068930184968032826e+00,1.001362776302550328e+00
-7.200925670263929046e-01,-2.702000047445242692e-01
-7.965845524300693148e-01,7.760619645687547585e-01
-1.019934017663682857e+00,-1.227739770378382334e+00
-1.444651485804182123e+00,-8.696502984249145918e-01
3.231525044587184592e-01,1.075238226162253063e+00
-4.568638948376312903e-01,-1.900207871143475558e-01
-5.292734028548604641e-01,3.967021277213000907e-01
-2.816237544626706280e-01,-2.204225168770150400e+00
-8.622537303077976167e-01,-2.366143148470623903e+00
-1.673079826186220309e+00,-1.819705934861331587e+00
-3.504885933221815741e-02,1.085287832644844075e+00
-1.341564376673096026e+00,-1.740368486358014000e+00
-1.895119314791534060e-01,1.946266049911434259e-01
-8.952680428860926298e-01,-9.425599178641385079e-01
-1.663883363507256741e+00,-2.703634068994179795e+00
-3.382282950793759624e-01,-2.769463078059402505e+00
5.662065793075549136e-01,-4.432134293364388689e-01
6.471604036621820821e-01,5.903647233000235417e-01
-1.504968678977506080e+00,-1.541012563366753296e+00
-1.559279447391169082e+00,1.114485197684992990e+00
-1.310724271003959052e+00,-8.406147285671693448e-01
1.016702994157482887e-01,1.497967303418203500e+00
-7.194861434078082540e-01,-2.326839857539837908e+00
-8.982530610318908426e-01,2.410565642165048150e-01
4.426518169901493827e-01,1.105786107991672873e+00
9.354657973075790611e-01,-6.683822333409431549e-01
-1.180326350539335101e+00,8.673596109790008279e-01
1.215787562441396297e+00,1.682375700718495626e+00
-1.049965551051948331e+00,-6.695534111127819932e-01
-7.261886516238111322e-02,2.086774339383211108e-01
-7.657133409143987435e-02,8.351821965521566415e-01
4.225057249709206902e-02,-2.283559480653853502e+00
1.572669286296708435e+00,9.053856928672657789e-01
2.551981365118270451e-01,6.220424632870934500e-01
-1.372945791838702911e+00,-1.370143672702075488e+00
-8.486069903633770561e-01,-1.500771784799814101e+00
2.442258309397563054e-01,-2.180938287511469675e-01
1.799329060452816487e+00,7.927502051534739136e-02
-8.290191386022549569e-01,-2.698468918506883973e+00
-5.678164175233197941e-01,6.631754944982416744e-02
-1.198420444048694966e+00,-1.903145729579224232e+00
-1.314836476646777053e+00,1.142866756374698589e+00
-4.394315147694777823e-01,-2.127615599549472769e+00
-9.639301871688166212e-01,-1.157881834519087494e-01
1.609252213188603342e-01,1.020347124280484685e+00
-8.491986460082889820e-01,-7.266683844782027002e-01
-6.708921758086808795e-01,-3.137482567957739832e+00
-1.118322094488905183e+00,-1.912066874605955480e-01
-5.962407472838292533e-01,1.132316520862673270e-03
-7.851502079498398068e-01,-9.649294731152734395e-01
-5.816649656694009574e-01,8.894825786019935343e-01
-8.842732122206465872e-01,2.209125933004788822e-01
-3.230810080601984602e-01,2.170960819046975632e-02
-1.871178255400615997e+00,-1.867827004833184645e+00
1.153489151683632086e+00,6.622859166151231491e-01
-1.895685734032894310e+00,6.642302022337462919e-01
-1.999447154366476853e-01,1.258376179588269084e+00
8.862661430063693835e-02,5.238832572119696884e+00
-1.960051476476040389e+00,9.778715484452902285e-01
-4.196804335798027807e-01,-1.702534430062877302e+00
-1.629738958727897646e+00,-6.204702623410526252e-01
-3.119561222230760392e-02,-2.509317573354486797e+00
-1.684512018425940560e+00,5.112130141866234878e-02
-1.554315329471290585e+00,1.936708919800614659e+00
-2.931211340250443054e-01,1.988192227070399998e-01
3.559634835364857697e+00,1.032270041337381761e+00
-1.770562895448037688e+00,1.132237541531396552e+00
6.479789598616402246e-01,1.320079214595708816e-01
-1.092428129364940936e+00,-7.200432410884894940e-01
-1.866799908772850680e-01,-2.450329382119019739e-01
-1.871684874943523313e+00,-1.203666682458670367e+00
3.420239975145166755e-01,-1.236067766015903402e+00
2.671221745567452732e+00,9.743888545756165254e-01
1.070479907743811659e-01,-2.675162553164948775e+00
-1.419675335826164897e+00,-7.185438477386253409e-01
2.527284395791238314e-01,-2.215121467751036133e-01
-7.214116543050569375e-01,-1.572395825232576483e+00
-1.006723319018253848e+00,-5.193924964818361634e-01
-1.354439235463464231e+00,3.266930220940980623e-01
1.620319245454446971e-02,1.376908750282488381e+00
5.404749201135345960e-01,-7.415361972032762372e-01
-5.771308977913791605e-01,1.175797515030098772e+00
-5.911852054124723255e-01,-2.920827236416940753e-01
-1.354697048697111883e-01,-3.796741367289945268e-01
-6.473528163416522041e-01,-3.272426484353626042e-01
1.376665687094520640e+00,1.098858109025073970e+00
-1.547635713217145659e+00,-6.307738453829353498e-01
2.577217116228013971e+00,2.364115880623092122e-02
-8.952725857119144814e-01,-1.784180808040716659e+00
8.150594586091598481e-01,6.734873929461027142e-01
8.184899200579831557e+00,-1.112539476466833266e+00
3.474613275489272457e+00,1.430090314715634914e-01
3.391378373536137580e+00,1.634111588270168447e-01
2.726273820228795053e+00,6.218290706079203645e-01
2.075352807709556768e-01,6.485726281452125486e-01
-1.063497484446600111e-01,1.342459696465326591e+00
-6.684059780027278297e-01,-4.435989877562890316e-01
-4.884768102579204463e-01,4.073945610109085402e-01
-1.968479261531344560e-01,1.097829723283076708e+00
1.013126683398410721e+00,5.250149736964622171e-01
-3.817504293886452849e-01,-1.676507584091519343e+00
-2.143721513783034341e-02,-6.478507355083139574e-01
-8.309701541890602769e-03,8.848469371676216666e-02
5.547619048610741288e-01,7.834864490304463969e-01
7.922750679198647950e-01,-3.298658085483802682e-01
8.971738097908468212e-01,2.545336021059356468e-02
-4.884768102579204463e-01,4.073945610109085402e-01
-1.009429400243146008e-01,5.012055554598328078e-01
-1.009429400243146008e-01,5.012055554598328078e-01
-1.009429400243146008e-01,5.012055554598328078e-01
-1.633058504834368652e+00,7.087192976709747461e-01
-2.176644445035729625e+00,-9.863744207962068522e-01
-1.556487302343690038e+00,1.600433973075963801e+00
-2.169496204807369377e+00,2.242962193075924482e+00
-1.632882957878165842e+00,1.088097949711586576e+00
-1.847448071760033894e+00,2.036014219330230191e+00
-1.360320998302796180e+00,9.332442641795380966e-01
-2.169496204807369377e+00,2.242962193075924482e+00
5.507981729344969546e-01,6.280460221676847921e-01
-1.538001586052046621e+00,-1.274147832237985112e-01
-8.495664784647243284e-01,-9.891062081585026700e-02
-1.232993517620881496e+00,1.936197919112461197e+00
-4.275467546124553930e-01,-9.493120870132022437e-01
1.258693519932810645e+00,1.397008468918397472e+00
-1.269448123833131215e+00,3.348411358997819276e-01
-3.862646100833861951e-01,8.336395181006330812e-01
1.367431457841587150e+00,1.308648669413584043e-01
5.149572946729921163e-01,2.191375075346143342e-01
-6.325450847118728459e-02,1.249677790131488442e-02
-5.971037773346267175e-01,-3.451187848876899000e+00
-1.157524020400683584e+00,-6.493574541465071959e-02
-9.353073730278264053e-01,1.172096823782297514e+00
2.204575175633035844e+00,-6.267904079973809495e-01
-7.697397588909018484e-01,-1.437068631608035663e+00
7.769551609560489958e-01,3.816436117524997507e-02
6.076056964475297084e-01,-8.220233311983569102e-01
-8.888356769746481867e-02,-4.096382503598132163e-01
-1.232650572681311063e+00,1.966926424212827262e+00
-5.443992375570981812e-01,1.727880334507200688e+00
2.074982600822723178e-01,4.847970205204395477e-01
-1.363169990133960896e+00,1.201480554072309692e+00
-1.342479779459615274e+00,-3.051678957717916418e+00
-2.112669835142134467e+00,-1.472350634349155030e+00
1.683396114795564058e+00,1.978510575294812224e+00
3.430399463490340639e-01,1.387230817651498693e+00
2.969171359810730770e+00,5.561395608939048163e-01
1.442877143945856755e+00,6.357362570723852357e-01
4.291198168103284583e-01,6.568777972668319309e-01
-3.774368834256789373e-01,1.425949832985054844e+00
-2.961893112727820299e-01,5.166703733460873416e-01
-2.271747401079274864e-01,2.555491315208532899e-01
-6.137871499111126061e-01,1.552167942056740024e+00
1.656517651214470366e+00,-1.793065688527984911e-02
-2.233220182478897087e+00,5.796860249391098119e-01
-1.449170173295624697e-01,-7.615306689639477211e-01
-1.708768678662991203e+00,1.821982736877137965e+00
-4.752421301138273213e-01,1.526504332001249908e+00
-3.929312149342155669e-01,4.758228259067854848e-01
-6.126460670149681542e-01,-3.919347057716028870e-01
1.854344919397123537e+00,2.875143111014070163e-01
3.048935238600314790e+00,2.877081322013510523e-01
-1.495999921390704701e+00,3.207945652424890604e-01
-4.437799917431385910e-01,-9.818238763207115527e-01
3.853311033490512405e-01,-9.126864535133841771e-01
7.321451591137539960e-02,1.776108079833532694e+00
-1.145766031202297031e+00,-1.483465772451721731e+00
-4.931484310047401509e-01,-1.914140183048291366e+00
-3.072939753470818047e-01,6.625882203492141631e-01
4.524331155674027327e-01,-5.364665351088565570e-01
2.550224831107011925e-01,1.354131527789421030e+00
4.388287506307252950e-01,-3.142234977306435639e-01
7.224233629466927376e-01,3.477123695849465790e+00
-2.410046068300242705e+00,-1.598522883528129102e+00
9.455336143826187367e-01,-5.233364105016502510e-01
6.899591707441320443e-01,-9.325802709445670802e-01
9.467295898996816450e-02,1.072384471157153296e+00
-1.183783342132328054e+00,6.704353289013949002e-01
2.021217303945525567e-01,-3.117794540227926792e+00
-1.696073303620342587e+00,-8.527894934380585434e-01
-1.526215012374176894e+00,-1.528288901175500980e+00
3.557035570151382498e+00,5.326853867336942550e-01
1.980197183853690923e+00,5.539585343263112582e-01
1.980197183853690923e+00,5.539585343263112582e-01
1.980197183853690923e+00,5.539585343263112582e-01
2.226330833063061121e+00,6.890772353557735874e-01
3.557035570151382498e+00,5.326853867336942550e-01
-4.099877457418483195e-01,-3.908560203732139304e-01
-1.265765353262712667e+00,1.575367947064906016e+00
-7.991848334052621405e-01,-1.182593901451068463e+00
-1.380258853949994258e+00,1.226652679737159218e-01
-1.452492537490517599e-01,5.606134682282973847e-01
1.679733635016425364e+00,1.219615018794100392e+00
6.852079152849850641e-02,1.820146390404548953e+00
-2.619669302521162590e-01,-2.953855848403684536e+00
-1.444694047524013536e+00,-3.088062748211982012e+00
1.645613835579385675e+00,5.541565907983689865e-01
-3.984892600767850901e-01,1.006147440668609949e+00
2.087691992826155474e+00,5.952704838126968712e-01
-1.026857065746897613e+00,8.461172968758969848e-01
1.240618396226097930e+00,-3.014047771336864634e-01
-1.066642380778047183e+00,-1.749664185955682461e-01
1.141770007010367571e+00,-4.753823604537840697e-01
1.910585663224507458e-01,1.064546213929206120e+00
1.439672014094896202e+00,2.582400473950554165e+00
1.029611122824923619e+00,1.648075704352762738e+00
-5.608727548435109567e-01,-1.940243847610482408e+00
-1.215223960222073574e+00,2.107115953707165978e-01
-9.358635772791753515e-01,-6.247936057330130133e-01
-3.475826012646778262e-01,-3.079707905516212429e-01
-6.817252752314051367e-01,-1.136049165398677507e+00
-1.457888352378291508e+00,-1.726647681644403409e+00
-3.247316397176505665e-01,1.187812178655529349e+00
1.799442232609970438e-01,4.163371004364136430e-01
-1.814362551874031171e+00,-7.039030303190031423e-01
-1.483529916742001520e+00,-4.437088414249127366e-01
1.500615748138179439e+00,1.394009690022902204e+00
-7.125979902077294037e-01,-1.179804916653559133e+00
-2.405031607090887924e+00,-1.699074877191220523e+00
-1.507835264039450784e+00,-1.185629778073007179e+00
1.416248994224702740e+00,-6.561589783307200663e-02
-1.602491959721750625e+00,-4.729376598700663070e-01
-2.575430485245537859e-01,4.626656410086054660e-01
-6.923088445445367833e-01,-8.731921229503127879e-01
-1.127131453999951516e+00,-1.218528154528489837e+00
1.922720292589013003e+00,-2.252993023869940270e+00
-6.058577941981809767e-01,-7.250783654385888344e-01
-8.804086445484213819e-01,1.438028888166307917e+00
1.685413181303966557e+00,8.289345285544634789e-01
1.328162992355845340e+00,3.453523271641908421e-01
-6.989832234004523803e-01,-4.305921277910324640e+00
-1.486808513220958750e+00,-3.557015883320004401e-01
-1.861715919656020901e+00,-1.864895344967014257e+00
-5.753497529445364411e-02,-3.161740356527933254e-02
-1.355462822916427834e+00,-1.499973876774595594e+00
-6.629550525369984348e-02,1.407585119541009178e+00
-6.750438492698712656e-01,-1.514630474522218551e+00
-6.047093981963577169e-01,-3.095625280134131976e-02
-6.270463131001239310e-01,9.696629827246023847e-01
4.546557598587230159e-02,-1.389126063666680233e+00
1.046868710835041405e+00,1.911455527318772774e-01
1.762676762457845214e+00,6.100876922277551628e-01
-7.675098183736098756e-01,1.442391404295482182e+00
1.291892955533852305e+00,1.229393209086044436e+00
